id,personID,addressID
3,,51
1,16,14
2,60,58
4,68,52
5,68,53
6,68,54
7,68,55
8,68,56
9,68,57
10,68,59
11,68,60
12,68,61
13,68,62
14,68,63
15,68,64
16,68,65
17,68,66
18,70,68
19,74,72
20,107,105
21,132,130
22,133,131
23,157,155
24,159,67
25,159,69
26,159,70
27,159,71
28,159,73
29,159,74
30,159,75
31,159,76
32,159,77
33,159,78
34,159,79
35,159,80
36,159,81
37,159,82
38,159,83
39,159,84
40,159,85
41,159,86
42,159,87
43,159,88
44,159,89
45,159,90
46,159,91
47,159,92
48,159,93
49,159,94
50,159,95
51,159,96
52,159,97
53,159,98
54,159,99
55,159,100
56,159,101
57,159,102
58,159,103
59,159,104
60,159,106
61,159,107
62,159,108
63,159,109
64,159,110
65,159,111
66,159,112
67,159,113
68,159,114
69,159,115
70,159,116
71,159,117
72,159,118
73,159,119
74,159,120
75,159,121
76,159,122
77,159,123
78,159,124
79,159,125
80,159,126
81,159,127
82,159,128
83,159,129
84,159,132
85,159,133
86,159,134
87,159,135
88,159,136
89,159,137
90,159,138
91,159,139
92,159,140
93,159,141
94,159,142
95,159,143
96,159,144
97,159,145
98,159,146
99,159,147
100,159,148
101,159,149
102,159,150
103,159,151
104,159,152
105,159,153
106,159,154
107,159,156
108,159,157
109,176,174
110,186,184
111,230,228
112,232,230
113,244,242
114,247,245
115,257,255
116,261,259
117,268,266
118,272,270
119,280,278
120,284,282
121,308,306
122,322,320
123,327,325
124,329,327
125,345,343
126,362,360
127,370,158
128,370,159
129,370,160
130,370,161
131,370,162
132,370,163
133,370,164
134,370,165
135,370,166
136,370,167
137,370,168
138,370,169
139,370,170
140,370,171
141,370,172
142,370,173
143,370,175
144,370,176
145,370,177
146,370,178
147,370,179
148,370,180
149,370,181
150,370,182
151,370,183
152,370,185
153,370,186
154,370,187
155,370,188
156,370,189
157,370,190
158,370,191
159,370,192
160,370,193
161,370,194
162,370,195
163,370,196
164,370,197
165,370,198
166,370,199
167,370,200
168,370,201
169,370,202
170,370,203
171,370,204
172,370,205
173,370,206
174,370,207
175,370,208
176,370,209
177,370,210
178,370,211
179,370,212
180,370,213
181,370,214
182,370,215
183,370,216
184,370,217
185,370,218
186,370,219
187,370,220
188,370,221
189,370,222
190,370,223
191,370,224
192,370,225
193,370,226
194,370,227
195,370,229
196,370,231
197,370,232
198,370,233
199,370,234
200,370,235
201,370,236
202,370,237
203,370,238
204,370,239
205,370,240
206,370,241
207,370,243
208,370,244
209,370,246
210,370,247
211,370,248
212,370,249
213,370,250
214,370,251
215,370,252
216,370,253
217,370,254
218,370,256
219,370,257
220,370,258
221,370,260
222,370,261
223,370,262
224,370,263
225,370,264
226,370,265
227,370,267
228,370,268
229,370,269
230,370,271
231,370,272
232,370,273
233,370,274
234,370,275
235,370,276
236,370,277
237,370,279
238,370,280
239,370,281
240,370,283
241,370,284
242,370,285
243,370,286
244,370,287
245,370,288
246,370,289
247,370,290
248,370,291
249,370,292
250,370,293
251,370,294
252,370,295
253,370,296
254,370,297
255,370,298
256,370,299
257,370,300
258,370,301
259,370,302
260,370,303
261,370,304
262,370,305
263,370,307
264,370,308
265,370,309
266,370,310
267,370,311
268,370,312
269,370,313
270,370,314
271,370,315
272,370,316
273,370,317
274,370,318
275,370,319
276,370,321
277,370,322
278,370,323
279,370,324
280,370,326
281,370,328
282,370,329
283,370,330
284,370,331
285,370,332
286,370,333
287,370,334
288,370,335
289,370,336
290,370,337
291,370,338
292,370,339
293,370,340
294,370,341
295,370,342
296,370,344
297,370,345
298,370,346
299,370,347
300,370,348
301,370,349
302,370,350
303,370,351
304,370,352
305,370,353
306,370,354
307,370,355
308,370,356
309,370,357
310,370,358
311,370,359
312,370,361
313,370,362
314,370,363
315,370,364
316,370,365
317,370,366
318,370,367
319,370,368
320,371,369
321,378,376
322,391,389
323,396,394
324,415,413
325,416,414
326,422,420
327,424,422
328,434,432
329,463,461
330,464,462
331,467,465
332,481,479
333,485,483
334,497,495
335,499,497
336,535,533
337,538,536
338,572,570
339,573,571
340,587,585
341,589,587
342,594,592
343,605,603
344,606,604
345,621,619
346,627,625
347,646,644
348,654,652
349,680,678
350,682,680
351,695,693
352,714,712
353,734,732
354,740,738
355,744,742
356,781,779
357,784,782
358,798,370
359,798,371
360,798,372
361,798,373
362,798,374
363,798,375
364,798,377
365,798,378
366,798,379
367,798,380
368,798,381
369,798,382
370,798,383
371,798,384
372,798,385
373,798,386
374,798,387
375,798,388
376,798,390
377,798,391
378,798,392
379,798,393
380,798,395
381,798,396
382,798,397
383,798,398
384,798,399
385,798,400
386,798,401
387,798,402
388,798,403
389,798,404
390,798,405
391,798,406
392,798,407
393,798,408
394,798,409
395,798,410
396,798,411
397,798,412
398,798,415
399,798,416
400,798,417
401,798,418
402,798,419
403,798,421
404,798,423
405,798,424
406,798,425
407,798,426
408,798,427
409,798,428
410,798,429
411,798,430
412,798,431
413,798,433
414,798,434
415,798,435
416,798,436
417,798,437
418,798,438
419,798,439
420,798,440
421,798,441
422,798,442
423,798,443
424,798,444
425,798,445
426,798,446
427,798,447
428,798,448
429,798,449
430,798,450
431,798,451
432,798,452
433,798,453
434,798,454
435,798,455
436,798,456
437,798,457
438,798,458
439,798,459
440,798,460
441,798,463
442,798,464
443,798,466
444,798,467
445,798,468
446,798,469
447,798,470
448,798,471
449,798,472
450,798,473
451,798,474
452,798,475
453,798,476
454,798,477
455,798,478
456,798,480
457,798,481
458,798,482
459,798,484
460,798,485
461,798,486
462,798,487
463,798,488
464,798,489
465,798,490
466,798,491
467,798,492
468,798,493
469,798,494
470,798,496
471,798,498
472,798,499
473,798,500
474,798,501
475,798,502
476,798,503
477,798,504
478,798,505
479,798,506
480,798,507
481,798,508
482,798,509
483,798,510
484,798,511
485,798,512
486,798,513
487,798,514
488,798,515
489,798,516
490,798,517
491,798,518
492,798,519
493,798,520
494,798,521
495,798,522
496,798,523
497,798,524
498,798,525
499,798,526
500,798,527
501,798,528
502,798,529
503,798,530
504,798,531
505,798,532
506,798,534
507,798,535
508,798,537
509,798,538
510,798,539
511,798,540
512,798,541
513,798,542
514,798,543
515,798,544
516,798,545
517,798,546
518,798,547
519,798,548
520,798,549
521,798,550
522,798,551
523,798,552
524,798,553
525,798,554
526,798,555
527,798,556
528,798,557
529,798,558
530,798,559
531,798,560
532,798,561
533,798,562
534,798,563
535,798,564
536,798,565
537,798,566
538,798,567
539,798,568
540,798,569
541,798,572
542,798,573
543,798,574
544,798,575
545,798,576
546,798,577
547,798,578
548,798,579
549,798,580
550,798,581
551,798,582
552,798,583
553,798,584
554,798,586
555,798,588
556,798,589
557,798,590
558,798,591
559,798,593
560,798,594
561,798,595
562,798,596
563,798,597
564,798,598
565,798,599
566,798,600
567,798,601
568,798,602
569,798,605
570,798,606
571,798,607
572,798,608
573,798,609
574,798,610
575,798,611
576,798,612
577,798,613
578,798,614
579,798,615
580,798,616
581,798,617
582,798,618
583,798,620
584,798,621
585,798,622
586,798,623
587,798,624
588,798,626
589,798,627
590,798,628
591,798,629
592,798,630
593,798,631
594,798,632
595,798,633
596,798,634
597,798,635
598,798,636
599,798,637
600,798,638
601,798,639
602,798,640
603,798,641
604,798,642
605,798,643
606,798,645
607,798,646
608,798,647
609,798,648
610,798,649
611,798,650
612,798,651
613,798,653
614,798,654
615,798,655
616,798,656
617,798,657
618,798,658
619,798,659
620,798,660
621,798,661
622,798,662
623,798,663
624,798,664
625,798,665
626,798,666
627,798,667
628,798,668
629,798,669
630,798,670
631,798,671
632,798,672
633,798,673
634,798,674
635,798,675
636,798,676
637,798,677
638,798,679
639,798,681
640,798,682
641,798,683
642,798,684
643,798,685
644,798,686
645,798,687
646,798,688
647,798,689
648,798,690
649,798,691
650,798,692
651,798,694
652,798,695
653,798,696
654,798,697
655,798,698
656,798,699
657,798,700
658,798,701
659,798,702
660,798,703
661,798,704
662,798,705
663,798,706
664,798,707
665,798,708
666,798,709
667,798,710
668,798,711
669,798,713
670,798,714
671,798,715
672,798,716
673,798,717
674,798,718
675,798,719
676,798,720
677,798,721
678,798,722
679,798,723
680,798,724
681,798,725
682,798,726
683,798,727
684,798,728
685,798,729
686,798,730
687,798,731
688,798,733
689,798,734
690,798,735
691,798,736
692,798,737
693,798,739
694,798,740
695,798,741
696,798,743
697,798,744
698,798,745
699,798,746
700,798,747
701,798,748
702,798,749
703,798,750
704,798,751
705,798,752
706,798,753
707,798,754
708,798,755
709,798,756
710,798,757
711,798,758
712,798,759
713,798,760
714,798,761
715,798,762
716,798,763
717,798,764
718,798,765
719,798,766
720,798,767
721,798,768
722,798,769
723,798,770
724,798,771
725,798,772
726,798,773
727,798,774
728,798,775
729,798,776
730,798,777
731,798,778
732,798,780
733,798,781
734,798,783
735,798,784
736,798,785
737,798,786
738,798,787
739,798,788
740,798,789
741,798,790
742,798,791
743,798,792
744,798,793
745,798,794
746,798,795
747,798,796
748,803,801
749,813,811
750,834,832
751,861,859
752,865,863
753,874,872
754,881,879
755,884,882
756,905,903
757,946,944
758,955,953
759,958,956
760,960,797
761,960,798
762,960,799
763,960,800
764,960,802
765,960,803
766,960,804
767,960,805
768,960,806
769,960,807
770,960,808
771,960,809
772,960,810
773,960,812
774,960,813
775,960,814
776,960,815
777,960,816
778,960,817
779,960,818
780,960,819
781,960,820
782,960,821
783,960,822
784,960,823
785,960,824
786,960,825
787,960,826
788,960,827
789,960,828
790,960,829
791,960,830
792,960,831
793,960,833
794,960,834
795,960,835
796,960,836
797,960,837
798,960,838
799,960,839
800,960,840
801,960,841
802,960,842
803,960,843
804,960,844
805,960,845
806,960,846
807,960,847
808,960,848
809,960,849
810,960,850
811,960,851
812,960,852
813,960,853
814,960,854
815,960,855
816,960,856
817,960,857
818,960,858
819,960,860
820,960,861
821,960,862
822,960,864
823,960,865
824,960,866
825,960,867
826,960,868
827,960,869
828,960,870
829,960,871
830,960,873
831,960,874
832,960,875
833,960,876
834,960,877
835,960,878
836,960,880
837,960,881
838,960,883
839,960,884
840,960,885
841,960,886
842,960,887
843,960,888
844,960,889
845,960,890
846,960,891
847,960,892
848,960,893
849,960,894
850,960,895
851,960,896
852,960,897
853,960,898
854,960,899
855,960,900
856,960,901
857,960,902
858,960,904
859,960,905
860,960,906
861,960,907
862,960,908
863,960,909
864,960,910
865,960,911
866,960,912
867,960,913
868,960,914
869,960,915
870,960,916
871,960,917
872,960,918
873,960,919
874,960,920
875,960,921
876,960,922
877,960,923
878,960,924
879,960,925
880,960,926
881,960,927
882,960,928
883,960,929
884,960,930
885,960,931
886,960,932
887,960,933
888,960,934
889,960,935
890,960,936
891,960,937
892,960,938
893,960,939
894,960,940
895,960,941
896,960,942
897,960,943
898,960,945
899,960,946
900,960,947
901,960,948
902,960,949
903,960,950
904,960,951
905,960,952
906,960,954
907,960,955
908,960,957
909,960,958
910,983,981
911,989,987
912,996,994
913,1015,1013
914,1032,1030
915,1036,1034
916,1037,1035
917,1055,1053
918,1062,1060
919,1064,1062
920,1072,1070
921,1083,1081
922,1107,1105
923,1110,1108
924,1124,1122
925,1173,1171
926,1182,1180
927,1205,1203
928,1216,1214
929,1219,1217
930,1220,1218
931,1235,1233
932,1239,1237
933,1250,1248
934,1265,1263
935,1284,1282
936,1294,1292
937,1295,1293
938,1298,1296
939,1337,1335
940,1341,1339
941,1358,1356
942,1378,1051
943,1378,1052
944,1378,1054
945,1378,1055
946,1378,1056
947,1378,1057
948,1378,1058
949,1378,1059
950,1378,1061
951,1378,1063
952,1378,1064
953,1378,1065
954,1378,1066
955,1378,1067
956,1378,1068
957,1378,1069
958,1378,1071
959,1378,1072
960,1378,1073
961,1378,1074
962,1378,1075
963,1378,1076
964,1378,1077
965,1378,1078
966,1378,1079
967,1378,1080
968,1378,1082
969,1378,1083
970,1378,1084
971,1378,1085
972,1378,1086
973,1378,1087
974,1378,1088
975,1378,1089
976,1378,1090
977,1378,1091
978,1378,1092
979,1378,1093
980,1378,1094
981,1378,1095
982,1378,1096
983,1378,1097
984,1378,1098
985,1378,1099
986,1378,1100
987,1378,1101
988,1378,1102
989,1378,1103
990,1378,1104
991,1378,1106
992,1378,1107
993,1378,1109
994,1378,1110
995,1378,1111
996,1378,1112
997,1378,1113
998,1378,1114
999,1378,1115
1000,1378,1116
1001,1378,1117
1002,1378,1118
1003,1378,1119
1004,1378,1120
1005,1378,1121
1006,1378,1123
1007,1378,1124
1008,1378,1125
1009,1378,1126
1010,1378,1127
1011,1378,1128
1012,1378,1129
1013,1378,1130
1014,1378,1131
1015,1378,1132
1016,1378,1133
1017,1378,1134
1018,1378,1135
1019,1378,1136
1020,1378,1137
1021,1378,1138
1022,1378,1139
1023,1378,1140
1024,1378,1141
1025,1378,1142
1026,1378,1143
1027,1378,1144
1028,1378,1145
1029,1378,1146
1030,1378,1147
1031,1378,1148
1032,1378,1149
1033,1378,1150
1034,1378,1151
1035,1378,1152
1036,1378,1153
1037,1378,1154
1038,1378,1155
1039,1378,1156
1040,1378,1157
1041,1378,1158
1042,1378,1159
1043,1378,1160
1044,1378,1161
1045,1378,1162
1046,1378,1163
1047,1378,1164
1048,1378,1165
1049,1378,1166
1050,1378,1167
1051,1378,1168
1052,1378,1169
1053,1378,1170
1054,1378,1172
1055,1378,1173
1056,1378,1174
1057,1378,1175
1058,1378,1176
1059,1378,1177
1060,1378,1178
1061,1378,1179
1062,1378,1181
1063,1378,1182
1064,1378,1183
1065,1378,1184
1066,1378,1185
1067,1378,1186
1068,1378,1187
1069,1378,1188
1070,1378,1189
1071,1378,1190
1072,1378,1191
1073,1378,1192
1074,1378,1193
1075,1378,1194
1076,1378,1195
1077,1378,1196
1078,1378,1197
1079,1378,1198
1080,1378,1199
1081,1378,1200
1082,1378,1201
1083,1378,1202
1084,1378,1204
1085,1378,1205
1086,1378,1206
1087,1378,1207
1088,1378,1208
1089,1378,1209
1090,1378,1210
1091,1378,1211
1092,1378,1212
1093,1378,1213
1094,1378,1215
1095,1378,1216
1096,1378,1219
1097,1378,1220
1098,1378,1221
1099,1378,1222
1100,1378,1223
1101,1378,1224
1102,1378,1225
1103,1378,1226
1104,1378,1227
1105,1378,1228
1106,1378,1229
1107,1378,1230
1108,1378,1231
1109,1378,1232
1110,1378,1234
1111,1378,1235
1112,1378,1236
1113,1378,1238
1114,1378,1239
1115,1378,1240
1116,1378,1241
1117,1378,1242
1118,1378,1243
1119,1378,1244
1120,1378,1245
1121,1378,1246
1122,1378,1247
1123,1378,1249
1124,1378,1250
1125,1378,1251
1126,1378,1252
1127,1378,1253
1128,1378,1254
1129,1378,1255
1130,1378,1256
1131,1378,1257
1132,1378,1258
1133,1378,1259
1134,1378,1260
1135,1378,1261
1136,1378,1262
1137,1378,1264
1138,1378,1265
1139,1378,1266
1140,1378,1267
1141,1378,1268
1142,1378,1269
1143,1378,1270
1144,1378,1271
1145,1378,1272
1146,1378,1273
1147,1378,1274
1148,1378,1275
1149,1378,1276
1150,1378,1277
1151,1378,1278
1152,1378,1279
1153,1378,1280
1154,1378,1281
1155,1378,1283
1156,1378,1284
1157,1378,1285
1158,1378,1286
1159,1378,1287
1160,1378,1288
1161,1378,1289
1162,1378,1290
1163,1378,1291
1164,1378,1294
1165,1378,1295
1166,1378,1297
1167,1378,1298
1168,1378,1299
1169,1378,1300
1170,1378,1301
1171,1378,1302
1172,1378,1303
1173,1378,1304
1174,1378,1305
1175,1378,1306
1176,1378,1307
1177,1378,1308
1178,1378,1309
1179,1378,1310
1180,1378,1311
1181,1378,1312
1182,1378,1313
1183,1378,1314
1184,1378,1315
1185,1378,1316
1186,1378,1317
1187,1378,1318
1188,1378,1319
1189,1378,1320
1190,1378,1321
1191,1378,1322
1192,1378,1323
1193,1378,1324
1194,1378,1325
1195,1378,1326
1196,1378,1327
1197,1378,1328
1198,1378,1329
1199,1378,1330
1200,1378,1331
1201,1378,1332
1202,1378,1333
1203,1378,1334
1204,1378,1336
1205,1378,1337
1206,1378,1338
1207,1378,1340
1208,1378,1341
1209,1378,1342
1210,1378,1343
1211,1378,1344
1212,1378,1345
1213,1378,1346
1214,1378,1347
1215,1378,1348
1216,1378,1349
1217,1378,1350
1218,1378,1351
1219,1378,1352
1220,1378,1353
1221,1378,1354
1222,1378,1355
1223,1378,1357
1224,1378,1358
1225,1378,1359
1226,1378,1360
1227,1378,1361
1228,1378,1362
1229,1378,1363
1230,1378,1364
1231,1378,1365
1232,1378,1366
1233,1378,1367
1234,1378,1368
1235,1378,1369
1236,1378,1370
1237,1378,1371
1238,1378,1372
1239,1378,1373
1240,1378,1374
1241,1378,1375
1242,1378,1376
1243,1384,1382
1244,1403,1401
1245,1406,1404
1246,1411,1409
1247,1412,1410
1248,1427,1425
1249,1451,1449
1250,1454,1452
1251,1460,1458
1252,1482,1480
1253,1483,1481
1254,1491,1489
1255,1510,1508
1256,1535,1533
1257,1536,1534
1258,1546,1544
1259,1549,1547
1260,1555,1553
1261,1558,1556
1262,1565,1563
1263,1572,1570
1264,1596,1594
1265,1603,1601
1266,1618,1616
1267,1623,1621
1268,1641,1377
1269,1641,1378
1270,1641,1379
1271,1641,1380
1272,1641,1381
1273,1641,1383
1274,1641,1384
1275,1641,1385
1276,1641,1386
1277,1641,1387
1278,1641,1388
1279,1641,1389
1280,1641,1390
1281,1641,1391
1282,1641,1392
1283,1641,1393
1284,1641,1394
1285,1641,1395
1286,1641,1396
1287,1641,1397
1288,1641,1398
1289,1641,1399
1290,1641,1400
1291,1641,1402
1292,1641,1403
1293,1641,1405
1294,1641,1406
1295,1641,1407
1296,1641,1408
1297,1641,1411
1298,1641,1412
1299,1641,1413
1300,1641,1414
1301,1641,1415
1302,1641,1416
1303,1641,1417
1304,1641,1418
1305,1641,1419
1306,1641,1420
1307,1641,1421
1308,1641,1422
1309,1641,1423
1310,1641,1424
1311,1641,1426
1312,1641,1427
1313,1641,1428
1314,1641,1429
1315,1641,1430
1316,1641,1431
1317,1641,1432
1318,1641,1433
1319,1641,1434
1320,1641,1435
1321,1641,1436
1322,1641,1437
1323,1641,1438
1324,1641,1439
1325,1641,1440
1326,1641,1441
1327,1641,1442
1328,1641,1443
1329,1641,1444
1330,1641,1445
1331,1641,1446
1332,1641,1447
1333,1641,1448
1334,1641,1450
1335,1641,1451
1336,1641,1453
1337,1641,1454
1338,1641,1455
1339,1641,1456
1340,1641,1457
1341,1641,1459
1342,1641,1460
1343,1641,1461
1344,1641,1462
1345,1641,1463
1346,1641,1464
1347,1641,1465
1348,1641,1466
1349,1641,1467
1350,1641,1468
1351,1641,1469
1352,1641,1470
1353,1641,1471
1354,1641,1472
1355,1641,1473
1356,1641,1474
1357,1641,1475
1358,1641,1476
1359,1641,1477
1360,1641,1478
1361,1641,1479
1362,1641,1482
1363,1641,1483
1364,1641,1484
1365,1641,1485
1366,1641,1486
1367,1641,1487
1368,1641,1488
1369,1641,1490
1370,1641,1491
1371,1641,1492
1372,1641,1493
1373,1641,1494
1374,1641,1495
1375,1641,1496
1376,1641,1497
1377,1641,1498
1378,1641,1499
1379,1641,1500
1380,1641,1501
1381,1641,1502
1382,1641,1503
1383,1641,1504
1384,1641,1505
1385,1641,1506
1386,1641,1507
1387,1641,1509
1388,1641,1510
1389,1641,1511
1390,1641,1512
1391,1641,1513
1392,1641,1514
1393,1641,1515
1394,1641,1516
1395,1641,1517
1396,1641,1518
1397,1641,1519
1398,1641,1520
1399,1641,1521
1400,1641,1522
1401,1641,1523
1402,1641,1524
1403,1641,1525
1404,1641,1526
1405,1641,1527
1406,1641,1528
1407,1641,1529
1408,1641,1530
1409,1641,1531
1410,1641,1532
1411,1641,1535
1412,1641,1536
1413,1641,1537
1414,1641,1538
1415,1641,1539
1416,1641,1540
1417,1641,1541
1418,1641,1542
1419,1641,1543
1420,1641,1545
1421,1641,1546
1422,1641,1548
1423,1641,1549
1424,1641,1550
1425,1641,1551
1426,1641,1552
1427,1641,1554
1428,1641,1555
1429,1641,1557
1430,1641,1558
1431,1641,1559
1432,1641,1560
1433,1641,1561
1434,1641,1562
1435,1641,1564
1436,1641,1565
1437,1641,1566
1438,1641,1567
1439,1641,1568
1440,1641,1569
1441,1641,1571
1442,1641,1572
1443,1641,1573
1444,1641,1574
1445,1641,1575
1446,1641,1576
1447,1641,1577
1448,1641,1578
1449,1641,1579
1450,1641,1580
1451,1641,1581
1452,1641,1582
1453,1641,1583
1454,1641,1584
1455,1641,1585
1456,1641,1586
1457,1641,1587
1458,1641,1588
1459,1641,1589
1460,1641,1590
1461,1641,1591
1462,1641,1592
1463,1641,1593
1464,1641,1595
1465,1641,1596
1466,1641,1597
1467,1641,1598
1468,1641,1599
1469,1641,1600
1470,1641,1602
1471,1641,1603
1472,1641,1604
1473,1641,1605
1474,1641,1606
1475,1641,1607
1476,1641,1608
1477,1641,1609
1478,1641,1610
1479,1641,1611
1480,1641,1612
1481,1641,1613
1482,1641,1614
1483,1641,1615
1484,1641,1617
1485,1641,1618
1486,1641,1619
1487,1641,1620
1488,1641,1622
1489,1641,1623
1490,1641,1624
1491,1641,1625
1492,1641,1626
1493,1641,1627
1494,1641,1628
1495,1641,1629
1496,1641,1630
1497,1641,1631
1498,1641,1632
1499,1641,1633
1500,1641,1634
1501,1641,1635
1502,1641,1636
1503,1641,1637
1504,1641,1638
1505,1641,1639
1506,1669,1667
1507,1670,1668
1508,1671,1669
1509,1684,1640
1510,1684,1641
1511,1684,1642
1512,1684,1643
1513,1684,1644
1514,1684,1645
1515,1684,1646
1516,1684,1647
1517,1684,1648
1518,1684,1649
1519,1684,1650
1520,1684,1651
1521,1684,1652
1522,1684,1653
1523,1684,1654
1524,1684,1655
1525,1684,1656
1526,1684,1657
1527,1684,1658
1528,1684,1659
1529,1684,1660
1530,1684,1661
1531,1684,1662
1532,1684,1663
1533,1684,1664
1534,1684,1665
1535,1684,1666
1536,1684,1670
1537,1684,1671
1538,1684,1672
1539,1684,1673
1540,1684,1674
1541,1684,1675
1542,1684,1676
1543,1684,1677
1544,1684,1678
1545,1684,1679
1546,1684,1680
1547,1684,1681
1548,1684,1682
1549,1701,1699
1550,1705,1703
1551,1706,1704
1552,1723,1683
1553,1723,1684
1554,1723,1685
1555,1723,1686
1556,1723,1687
1557,1723,1688
1558,1723,1689
1559,1723,1690
1560,1723,1691
1561,1723,1692
1562,1723,1693
1563,1723,1694
1564,1723,1695
1565,1723,1696
1566,1723,1697
1567,1723,1698
1568,1723,1700
1569,1723,1701
1570,1723,1702
1571,1723,1705
1572,1723,1706
1573,1723,1707
1574,1723,1708
1575,1723,1709
1576,1723,1710
1577,1723,1711
1578,1723,1712
1579,1723,1713
1580,1723,1714
1581,1723,1715
1582,1723,1716
1583,1723,1717
1584,1723,1718
1585,1723,1719
1586,1723,1720
1587,1723,1721
1588,1725,1723
1589,1730,1728
1590,1742,1740
1591,1743,1741
1592,1750,1748
1593,1751,1749
1594,1758,1756
1595,1761,1759
1596,1764,1722
1597,1764,1724
1598,1764,1725
1599,1764,1726
1600,1764,1727
1601,1764,1729
1602,1764,1730
1603,1764,1731
1604,1764,1732
1605,1764,1733
1606,1764,1734
1607,1764,1735
1608,1764,1736
1609,1764,1737
1610,1764,1738
1611,1764,1739
1612,1764,1742
1613,1764,1743
1614,1764,1744
1615,1764,1745
1616,1764,1746
1617,1764,1747
1618,1764,1750
1619,1764,1751
1620,1764,1752
1621,1764,1753
1622,1764,1754
1623,1764,1755
1624,1764,1757
1625,1764,1758
1626,1764,1760
1627,1764,1761
1628,1764,1762
1629,1772,1770
1630,1773,1771
1631,1811,1809
1632,1820,1818
1633,1826,1824
1634,1834,1763
1635,1834,1764
1636,1834,1765
1637,1834,1766
1638,1834,1767
1639,1834,1768
1640,1834,1769
1641,1834,1772
1642,1834,1773
1643,1834,1774
1644,1834,1775
1645,1834,1776
1646,1834,1777
1647,1834,1778
1648,1834,1779
1649,1834,1780
1650,1834,1781
1651,1834,1782
1652,1834,1783
1653,1834,1784
1654,1834,1785
1655,1834,1786
1656,1834,1787
1657,1834,1788
1658,1834,1789
1659,1834,1790
1660,1834,1791
1661,1834,1792
1662,1834,1793
1663,1834,1794
1664,1834,1795
1665,1834,1796
1666,1834,1797
1667,1834,1798
1668,1834,1799
1669,1834,1800
1670,1834,1801
1671,1834,1802
1672,1834,1803
1673,1834,1804
1674,1834,1805
1675,1834,1806
1676,1834,1807
1677,1834,1808
1678,1834,1810
1679,1834,1811
1680,1834,1812
1681,1834,1813
1682,1834,1814
1683,1834,1815
1684,1834,1816
1685,1834,1817
1686,1834,1819
1687,1834,1820
1688,1834,1821
1689,1834,1822
1690,1834,1823
1691,1834,1825
1692,1834,1826
1693,1834,1827
1694,1834,1828
1695,1834,1829
1696,1834,1830
1697,1834,1831
1698,1834,1832
1699,1839,1837
1700,1846,1844
1701,1854,1852
1702,1870,1868
1703,1876,1874
1704,1898,1896
1705,1904,1902
1706,1906,1904
1707,1910,1908
1708,1916,1914
1709,1921,1919
1710,1922,1920
1711,1933,1931
1712,1936,1934
1713,1944,1942
1714,1958,1956
1715,1974,1972
1716,2004,2002
1717,2005,2003
1718,2020,2018
1719,2029,2027
1720,2030,2028
1721,2031,2029
1722,2038,2036
1723,2052,1833
1724,2052,1834
1725,2052,1835
1726,2052,1836
1727,2052,1838
1728,2052,1839
1729,2052,1840
1730,2052,1841
1731,2052,1842
1732,2052,1843
1733,2052,1845
1734,2052,1846
1735,2052,1847
1736,2052,1848
1737,2052,1849
1738,2052,1850
1739,2052,1851
1740,2052,1853
1741,2052,1854
1742,2052,1855
1743,2052,1856
1744,2052,1857
1745,2052,1858
1746,2052,1859
1747,2052,1860
1748,2052,1861
1749,2052,1862
1750,2052,1863
1751,2052,1864
1752,2052,1865
1753,2052,1866
1754,2052,1867
1755,2052,1869
1756,2052,1870
1757,2052,1871
1758,2052,1872
1759,2052,1873
1760,2052,1875
1761,2052,1876
1762,2052,1877
1763,2052,1878
1764,2052,1879
1765,2052,1880
1766,2052,1881
1767,2052,1882
1768,2052,1883
1769,2052,1884
1770,2052,1885
1771,2052,1886
1772,2052,1887
1773,2052,1888
1774,2052,1889
1775,2052,1890
1776,2052,1891
1777,2052,1892
1778,2052,1893
1779,2052,1894
1780,2052,1895
1781,2052,1897
1782,2052,1898
1783,2052,1899
1784,2052,1900
1785,2052,1901
1786,2052,1903
1787,2052,1905
1788,2052,1906
1789,2052,1907
1790,2052,1909
1791,2052,1910
1792,2052,1911
1793,2052,1912
1794,2052,1913
1795,2052,1915
1796,2052,1916
1797,2052,1917
1798,2052,1918
1799,2052,1921
1800,2052,1922
1801,2052,1923
1802,2052,1924
1803,2052,1925
1804,2052,1926
1805,2052,1927
1806,2052,1928
1807,2052,1929
1808,2052,1930
1809,2052,1932
1810,2052,1933
1811,2052,1935
1812,2052,1936
1813,2052,1937
1814,2052,1938
1815,2052,1939
1816,2052,1940
1817,2052,1941
1818,2052,1943
1819,2052,1944
1820,2052,1945
1821,2052,1946
1822,2052,1947
1823,2052,1948
1824,2052,1949
1825,2052,1950
1826,2052,1951
1827,2052,1952
1828,2052,1953
1829,2052,1954
1830,2052,1955
1831,2052,1957
1832,2052,1958
1833,2052,1959
1834,2052,1960
1835,2052,1961
1836,2052,1962
1837,2052,1963
1838,2052,1964
1839,2052,1965
1840,2052,1966
1841,2052,1967
1842,2052,1968
1843,2052,1969
1844,2052,1970
1845,2052,1971
1846,2052,1973
1847,2052,1974
1848,2052,1975
1849,2052,1976
1850,2052,1977
1851,2052,1978
1852,2052,1979
1853,2052,1980
1854,2052,1981
1855,2052,1982
1856,2052,1983
1857,2052,1984
1858,2052,1985
1859,2052,1986
1860,2052,1987
1861,2052,1988
1862,2052,1989
1863,2052,1990
1864,2052,1991
1865,2052,1992
1866,2052,1993
1867,2052,1994
1868,2052,1995
1869,2052,1996
1870,2052,1997
1871,2052,1998
1872,2052,1999
1873,2052,2000
1874,2052,2001
1875,2052,2004
1876,2052,2005
1877,2052,2006
1878,2052,2007
1879,2052,2008
1880,2052,2009
1881,2052,2010
1882,2052,2011
1883,2052,2012
1884,2052,2013
1885,2052,2014
1886,2052,2015
1887,2052,2016
1888,2052,2017
1889,2052,2019
1890,2052,2020
1891,2052,2021
1892,2052,2022
1893,2052,2023
1894,2052,2024
1895,2052,2025
1896,2052,2026
1897,2052,2030
1898,2052,2031
1899,2052,2032
1900,2052,2033
1901,2052,2034
1902,2052,2035
1903,2052,2037
1904,2052,2038
1905,2052,2039
1906,2052,2040
1907,2052,2041
1908,2052,2042
1909,2052,2043
1910,2052,2044
1911,2052,2045
1912,2052,2046
1913,2052,2047
1914,2052,2048
1915,2052,2049
1916,2052,2050
1917,2059,2057
1918,2073,2071
1919,2078,2076
1920,2081,2079
1921,2082,2080
1922,2085,2083
1923,2087,2085
1924,2089,2087
1925,2091,2089
1926,2097,2095
1927,2101,2051
1928,2101,2052
1929,2101,2053
1930,2101,2054
1931,2101,2055
1932,2101,2056
1933,2101,2058
1934,2101,2059
1935,2101,2060
1936,2101,2061
1937,2101,2062
1938,2101,2063
1939,2101,2064
1940,2101,2065
1941,2101,2066
1942,2101,2067
1943,2101,2068
1944,2101,2069
1945,2101,2070
1946,2101,2072
1947,2101,2073
1948,2101,2074
1949,2101,2075
1950,2101,2077
1951,2101,2078
1952,2101,2081
1953,2101,2082
1954,2101,2084
1955,2101,2086
1956,2101,2088
1957,2101,2090
1958,2101,2091
1959,2101,2092
1960,2101,2093
1961,2101,2094
1962,2101,2096
1963,2101,2097
1964,2101,2098
1965,2101,2099
1966,2104,2102
1967,2105,2103
1968,2106,2104
1969,2115,2113
1970,2120,2118
1971,2121,2119
1972,2122,2120
1973,2126,2124
1974,2130,2128
1975,2133,2131
1976,2135,2133
1977,2137,2135
1978,2141,2139
1979,2144,2142
1980,2147,2145
1981,2156,2154
1982,2158,2156
1983,2162,2160
1984,2164,2162
1985,2165,2163
1986,2168,2166
1987,2169,2167
1988,2170,2168
1989,2171,2169
1990,2172,2170
1991,2174,2172
1992,2175,2173
1993,2176,2174
1994,2178,2176
1995,2181,2179
1996,2182,2180
1997,2183,2181
1998,2184,2182
1999,2188,2186
2000,2201,2199
2001,2215,2213
2002,2217,2215
2003,2219,2217
2004,2224,2222
2005,2231,2229
2006,2242,2240
2007,2243,2241
2008,2246,2244
2009,2257,2255
2010,2258,2256
2011,2259,2257
2012,2261,2259
2013,2262,2260
2014,2263,2261
2015,2264,2262
2016,2266,2100
2017,2266,2101
2018,2266,2105
2019,2266,2106
2020,2266,2107
2021,2266,2108
2022,2266,2109
2023,2266,2110
2024,2266,2111
2025,2266,2112
2026,2266,2114
2027,2266,2115
2028,2266,2116
2029,2266,2117
2030,2266,2121
2031,2266,2122
2032,2266,2123
2033,2266,2125
2034,2266,2126
2035,2266,2127
2036,2266,2129
2037,2266,2130
2038,2266,2132
2039,2266,2134
2040,2266,2136
2041,2266,2137
2042,2266,2138
2043,2266,2140
2044,2266,2141
2045,2266,2143
2046,2266,2144
2047,2266,2146
2048,2266,2147
2049,2266,2148
2050,2266,2149
2051,2266,2150
2052,2266,2151
2053,2266,2152
2054,2266,2153
2055,2266,2155
2056,2266,2157
2057,2266,2158
2058,2266,2159
2059,2266,2161
2060,2266,2164
2061,2266,2165
2062,2266,2171
2063,2266,2175
2064,2266,2177
2065,2266,2178
2066,2266,2183
2067,2266,2184
2068,2266,2185
2069,2266,2187
2070,2266,2188
2071,2266,2189
2072,2266,2190
2073,2266,2191
2074,2266,2192
2075,2266,2193
2076,2266,2194
2077,2266,2195
2078,2266,2196
2079,2266,2197
2080,2266,2198
2081,2266,2200
2082,2266,2201
2083,2266,2202
2084,2266,2203
2085,2266,2204
2086,2266,2205
2087,2266,2206
2088,2266,2207
2089,2266,2208
2090,2266,2209
2091,2266,2210
2092,2266,2211
2093,2266,2212
2094,2266,2214
2095,2266,2216
2096,2266,2218
2097,2266,2219
2098,2266,2220
2099,2266,2221
2100,2266,2223
2101,2266,2224
2102,2266,2225
2103,2266,2226
2104,2266,2227
2105,2266,2228
2106,2266,2230
2107,2266,2231
2108,2266,2232
2109,2266,2233
2110,2266,2234
2111,2266,2235
2112,2266,2236
2113,2266,2237
2114,2266,2238
2115,2266,2239
2116,2266,2242
2117,2266,2243
2118,2266,2245
2119,2266,2246
2120,2266,2247
2121,2266,2248
2122,2266,2249
2123,2266,2250
2124,2266,2251
2125,2266,2252
2126,2266,2253
2127,2266,2254
2128,2266,2258
2129,2266,2263
2130,2266,2264
2131,2269,2267
2132,2272,2270
2133,2277,2275
2134,2278,2276
2135,2279,2277
2136,2280,2278
2137,2286,2284
2138,2287,2285
2139,2289,2287
2140,2290,2288
2141,2291,2289
2142,2293,2291
2143,2294,2292
2144,2295,2293
2145,2299,2297
2146,2300,2298
2147,2301,2299
2148,2305,2303
2149,2307,2305
2150,2308,2306
2151,2310,2308
2152,2314,2312
2153,2318,2316
2154,2330,2328
2155,2333,2331
2156,2334,2332
2157,2335,2333
2158,2338,2336
2159,2340,2338
2160,2341,2339
2161,2343,2341
2162,2344,2342
2163,2352,2350
2164,2357,2355
2165,2362,2360
2166,2367,2365
2167,2375,2373
2168,2384,2382
2169,2385,2383
2170,2390,2388
2171,2391,2389
2172,2392,2390
2173,2394,2392
2174,2397,2395
2175,2403,2401
2176,2405,2403
2177,2408,2406
2178,2409,2407
2179,2412,2410
2180,2421,2419
2181,2423,2421
2182,2425,2423
2183,2427,2425
2184,2428,2426
2185,2433,2431
2186,2435,2433
2187,2436,2434
2188,2439,2437
2189,2443,2441
2190,2447,2445
2191,2449,2447
2192,2451,2449
2193,2453,2451
2194,2455,2453
2195,2458,2456
2196,2459,2457
2197,2461,2459
2198,2464,2462
2199,2465,2463
2200,2470,2468
2201,2475,2473
2202,2477,2475
2203,2481,2479
2204,2485,2265
2205,2485,2266
2206,2485,2268
2207,2485,2269
2208,2485,2271
2209,2485,2272
2210,2485,2273
2211,2485,2274
2212,2485,2279
2213,2485,2280
2214,2485,2281
2215,2485,2282
2216,2485,2283
2217,2485,2286
2218,2485,2290
2219,2485,2294
2220,2485,2295
2221,2485,2296
2222,2485,2300
2223,2485,2301
2224,2485,2302
2225,2485,2304
2226,2485,2307
2227,2485,2309
2228,2485,2310
2229,2485,2311
2230,2485,2313
2231,2485,2314
2232,2485,2315
2233,2485,2317
2234,2485,2318
2235,2485,2319
2236,2485,2320
2237,2485,2321
2238,2485,2322
2239,2485,2323
2240,2485,2324
2241,2485,2325
2242,2485,2326
2243,2485,2327
2244,2485,2329
2245,2485,2330
2246,2485,2334
2247,2485,2335
2248,2485,2337
2249,2485,2340
2250,2485,2343
2251,2485,2344
2252,2485,2345
2253,2485,2346
2254,2485,2347
2255,2485,2348
2256,2485,2349
2257,2485,2351
2258,2485,2352
2259,2485,2353
2260,2485,2354
2261,2485,2356
2262,2485,2357
2263,2485,2358
2264,2485,2359
2265,2485,2361
2266,2485,2362
2267,2485,2363
2268,2485,2364
2269,2485,2366
2270,2485,2367
2271,2485,2368
2272,2485,2369
2273,2485,2370
2274,2485,2371
2275,2485,2372
2276,2485,2374
2277,2485,2375
2278,2485,2376
2279,2485,2377
2280,2485,2378
2281,2485,2379
2282,2485,2380
2283,2485,2381
2284,2485,2384
2285,2485,2385
2286,2485,2386
2287,2485,2387
2288,2485,2391
2289,2485,2393
2290,2485,2394
2291,2485,2396
2292,2485,2397
2293,2485,2398
2294,2485,2399
2295,2485,2400
2296,2485,2402
2297,2485,2404
2298,2485,2405
2299,2485,2408
2300,2485,2409
2301,2485,2411
2302,2485,2412
2303,2485,2413
2304,2485,2414
2305,2485,2415
2306,2485,2416
2307,2485,2417
2308,2485,2418
2309,2485,2420
2310,2485,2422
2311,2485,2424
2312,2485,2427
2313,2485,2428
2314,2485,2429
2315,2485,2430
2316,2485,2432
2317,2485,2435
2318,2485,2436
2319,2485,2438
2320,2485,2439
2321,2485,2440
2322,2485,2442
2323,2485,2443
2324,2485,2444
2325,2485,2446
2326,2485,2448
2327,2485,2450
2328,2485,2452
2329,2485,2454
2330,2485,2455
2331,2485,2458
2332,2485,2460
2333,2485,2461
2334,2485,2464
2335,2485,2465
2336,2485,2466
2337,2485,2467
2338,2485,2469
2339,2485,2470
2340,2485,2471
2341,2485,2472
2342,2485,2474
2343,2485,2476
2344,2485,2477
2345,2485,2478
2346,2485,2480
2347,2485,2481
2348,2485,2482
2349,2485,2483
2350,2493,2491
2351,2496,2494
2352,2497,2495
2353,2500,2498
2354,2506,2504
2355,2510,2508
2356,2513,2511
2357,2515,2513
2358,2518,2516
2359,2522,2520
2360,2523,2521
2361,2527,2525
2362,2536,2534
2363,2540,2538
2364,2542,2540
2365,2544,2541
2366,2547,2544
2367,2548,2545
2368,2550,2547
2369,2552,2549
2370,2556,2553
2371,2559,2556
2372,2562,2559
2373,2563,2560
2374,2565,2542
2375,2565,2543
2376,2565,2546
2377,2565,2548
2378,2565,2550
2379,2565,2551
2380,2565,2552
2381,2565,2554
2382,2565,2555
2383,2565,2557
2384,2565,2558
2385,2565,2561
2386,2565,2562
2387,2570,2567
2388,2572,2569
2389,2577,2574
2390,2578,2575
2391,2585,2582
2392,2591,2588
2393,2592,2589
2394,2593,2590
2395,2608,2605
2396,2615,2612
2397,2616,2613
2398,2620,2617
2399,2623,2620
2400,2624,2621
2401,2625,2622
2402,2626,2623
2403,2629,2626
2404,2631,2628
2405,2632,2629
2406,2636,2633
2407,2638,2635
2408,2639,2636
2409,2641,2638
2410,2644,2641
2411,2645,2642
2412,2647,2644
2413,2650,2647
2414,2652,2649
2415,2653,2650
2416,2661,2658
2417,2665,2662
2418,2667,2664
2419,2677,2674
2420,2680,2677
2421,2682,2679
2422,2684,2681
2423,2687,2684
2424,2690,2687
2425,2691,2688
2426,2692,2689
2427,2694,2691
2428,2697,2694
2429,2702,2699
2430,2703,2700
2431,2707,2704
2432,2708,2705
2433,2709,2706
2434,2714,2711
2435,2715,2712
2436,2716,2713
2437,2717,2714
2438,2720,2717
2439,2721,2718
2440,2733,2730
2441,2739,2736
2442,2740,2737
2443,2743,2740
2444,2744,2741
2445,2752,2748
2446,2754,2750
2447,2761,2757
2448,2762,2758
2449,2763,2747
2450,2763,2749
2451,2763,2751
2452,2763,2752
2453,2763,2753
2454,2763,2754
2455,2763,2755
2456,2763,2756
2457,2763,2759
2458,2770,2766
2459,2775,2771
2460,2776,2772
2461,2781,2777
2462,2783,2779
2463,2786,2782
2464,2788,2784
2465,2792,2788
2466,2793,2789
2467,2794,2790
2468,2795,2791
2469,2797,2793
2470,2799,2795
2471,2800,2796
2472,2801,2797
2473,2804,2800
2474,2809,2805
2475,2816,2812
2476,2818,2814
2477,2820,2816
2478,2823,2819
2479,2827,2823
2480,2828,2824
2481,2831,2827
2482,2836,2832
2483,2838,2834
2484,2841,2837
2485,2844,2840
2486,2846,2842
2487,2847,2843
2488,2848,2844
2489,2849,2845
2491,2850,2760
2492,2850,2761
2493,2850,2762
2494,2850,2763
2495,2850,2764
2496,2850,2765
2497,2850,2767
2498,2850,2768
2499,2850,2769
2500,2850,2770
2501,2850,2773
2502,2850,2774
2503,2850,2775
2504,2850,2776
2505,2850,2778
2506,2850,2780
2507,2850,2781
2508,2850,2783
2509,2850,2785
2510,2850,2786
2511,2850,2787
2512,2850,2792
2513,2850,2794
2514,2850,2798
2515,2850,2799
2516,2850,2801
2517,2850,2802
2518,2850,2803
2519,2850,2804
2520,2850,2806
2521,2850,2807
2522,2850,2808
2523,2850,2809
2524,2850,2810
2525,2850,2811
2526,2850,2813
2527,2850,2815
2528,2850,2817
2529,2850,2818
2530,2850,2820
2531,2850,2821
2532,2850,2822
2533,2850,2825
2534,2850,2826
2535,2850,2828
2536,2850,2829
2537,2850,2830
2538,2850,2831
2539,2850,2833
2540,2850,2835
2541,2850,2836
2542,2850,2838
2543,2850,2839
2544,2850,2841
2490,2850,2846
2545,2853,2849
2546,2861,2857
2547,2866,2862
2548,2867,2863
2549,2874,2870
2550,2875,2871
2551,2876,2872
2552,2880,2876
2553,2889,2885
2554,2891,2887
2555,2897,2893
2556,2898,2894
2557,2899,2895
2558,2903,2899
2559,2907,2903
2560,2908,2904
2561,2909,2905
2562,2912,2908
2563,2916,2912
2564,2918,2914
2565,2920,2916
2566,2921,2917
2567,2924,2920
2568,2925,2921
2569,2926,2922
2570,2927,2923
2571,2928,2924
2572,2929,2925
2573,2935,2931
2574,2937,2933
2575,2939,2935
2576,2941,2937
2577,2942,2938
2578,2945,2941
2579,2949,2945
2580,2950,2847
2581,2950,2848
2582,2950,2850
2583,2950,2851
2584,2950,2852
2585,2950,2853
2586,2950,2854
2587,2950,2855
2588,2950,2856
2589,2950,2858
2590,2950,2859
2591,2950,2860
2592,2950,2861
2593,2950,2864
2594,2950,2865
2595,2950,2866
2596,2950,2867
2597,2950,2868
2598,2950,2869
2599,2950,2873
2600,2950,2874
2601,2950,2875
2602,2950,2877
2603,2950,2878
2604,2950,2879
2605,2950,2880
2606,2950,2881
2607,2950,2882
2608,2950,2883
2609,2950,2884
2610,2950,2886
2611,2950,2888
2612,2950,2889
2613,2950,2890
2614,2950,2891
2615,2950,2892
2616,2950,2896
2617,2950,2897
2618,2950,2898
2619,2950,2900
2620,2950,2901
2621,2950,2902
2622,2950,2906
2623,2950,2907
2624,2950,2909
2625,2950,2910
2626,2950,2911
2627,2950,2913
2628,2950,2915
2629,2950,2918
2630,2950,2919
2631,2950,2926
2632,2950,2927
2633,2950,2928
2634,2950,2929
2635,2950,2930
2636,2950,2932
2637,2950,2934
2638,2950,2936
2639,2950,2939
2640,2950,2940
2641,2950,2942
2642,2950,2943
2643,2950,2944
2644,2950,2946
2645,2952,2948
2646,2953,2949
2647,2954,2950
2648,2956,2952
2649,2957,2953
2650,2963,2959
2651,2964,2960
2652,2969,2965
2653,2973,2969
2654,2975,2971
2655,2979,2975
2656,2981,2977
2657,2983,2979
2658,2985,2981
2659,2989,2985
2660,2990,2986
2661,2993,2989
2662,3001,2947
2663,3001,2951
2664,3001,2954
2665,3001,2955
2666,3001,2956
2667,3001,2957
2668,3001,2958
2669,3001,2961
2670,3001,2962
2671,3001,2963
2672,3001,2964
2673,3001,2966
2674,3001,2967
2675,3001,2968
2676,3001,2970
2677,3001,2972
2678,3001,2973
2679,3001,2974
2680,3001,2976
2681,3001,2978
2682,3001,2980
2683,3001,2982
2684,3001,2983
2685,3001,2984
2686,3001,2987
2687,3001,2988
2688,3001,2990
2689,3001,2991
2690,3001,2992
2691,3001,2993
2692,3001,2994
2693,3001,2995
2694,3001,2996
2695,3001,2997
2696,3004,3000
2697,3007,3003
2698,3013,3009
2699,3014,3010
2700,3026,3022
2701,3027,3023
2702,3031,3027
2703,3035,3031
2704,3038,3034
2705,3039,3035
2706,3046,3042
2707,3047,3043
2708,3049,3045
2709,3052,3048
2710,3056,3052
2711,3057,3053
2712,3062,3058
2713,3063,3059
2714,3064,3060
2715,3068,3064
2716,3072,3068
2717,3073,3069
2718,3080,3076
2719,3084,3080
2720,3096,3092
2721,3097,3093
2722,3104,3100
2723,3105,3101
2724,3106,3102
2725,3107,3103
2726,3108,3104
2727,3112,3108
2728,3115,3111
2729,3119,3115
2730,3124,3120
2731,3125,3121
2732,3126,3122
2733,3132,3128
2734,3133,3129
2735,3136,3132
2736,3138,3134
2737,3141,3137
2738,3149,3145
2739,3152,3148
2740,3153,3149
2741,3159,3155
2742,3160,3156
2743,3162,3158
2744,3164,3160
2745,3166,3162
2746,3167,3163
2747,3168,3164
2748,3175,3171
2749,3176,3172
2750,3178,3174
2751,3185,3181
2752,3187,3183
2753,3190,3186
2754,3191,3187
2755,3192,3188
2756,3197,3193
2757,3201,3197
2758,3204,3200
2759,3207,3203
2760,3216,3212
2761,3221,3217
2762,3222,3218
2763,3224,3220
2764,3225,3221
2765,3231,3227
2766,3233,3229
2767,3236,3232
2768,3237,3233
2769,3243,3239
2770,3245,3241
2771,3252,3248
2772,3257,3253
2773,3264,3260
2774,3265,3261
2775,3268,3264
2776,3269,3265
2777,3273,3269
2778,3274,3270
2779,3275,3271
2780,3277,3273
2781,3289,3285
2782,3291,3287
2783,3292,3288
2784,3293,3289
2785,3300,3296
2786,3302,3298
2787,3322,3318
2788,3324,3320
2789,3326,3322
2790,3327,3323
2791,3328,3324
2792,3330,3326
2793,3331,3327
2794,3333,3329
2795,3335,3331
2796,3338,3334
2797,3340,3336
2798,3343,3339
2799,3348,3344
2800,3349,2998
2801,3349,2999
2802,3349,3001
2803,3349,3002
2804,3349,3004
2805,3349,3005
2806,3349,3006
2807,3349,3007
2808,3349,3008
2809,3349,3011
2810,3349,3012
2811,3349,3013
2812,3349,3014
2813,3349,3015
2814,3349,3016
2815,3349,3017
2816,3349,3018
2817,3349,3019
2818,3349,3020
2819,3349,3021
2820,3349,3024
2821,3349,3025
2822,3349,3026
2823,3349,3028
2824,3349,3029
2825,3349,3030
2826,3349,3032
2827,3349,3033
2828,3349,3036
2829,3349,3037
2830,3349,3038
2831,3349,3039
2832,3349,3040
2833,3349,3041
2834,3349,3044
2835,3349,3046
2836,3349,3047
2837,3349,3049
2838,3349,3050
2839,3349,3051
2840,3349,3054
2841,3349,3055
2842,3349,3056
2843,3349,3057
2844,3349,3061
2845,3349,3062
2846,3349,3063
2847,3349,3065
2848,3349,3066
2849,3349,3067
2850,3349,3070
2851,3349,3071
2852,3349,3072
2853,3349,3073
2854,3349,3074
2855,3349,3075
2856,3349,3077
2857,3349,3078
2858,3349,3079
2859,3349,3081
2860,3349,3082
2861,3349,3083
2862,3349,3084
2863,3349,3085
2864,3349,3086
2865,3349,3087
2866,3349,3088
2867,3349,3089
2868,3349,3090
2869,3349,3091
2870,3349,3094
2871,3349,3095
2872,3349,3096
2873,3349,3097
2874,3349,3098
2875,3349,3099
2876,3349,3105
2877,3349,3106
2878,3349,3107
2879,3349,3109
2880,3349,3110
2881,3349,3112
2882,3349,3113
2883,3349,3114
2884,3349,3116
2885,3349,3117
2886,3349,3118
2887,3349,3119
2888,3349,3123
2889,3349,3124
2890,3349,3125
2891,3349,3126
2892,3349,3127
2893,3349,3130
2894,3349,3131
2895,3349,3133
2896,3349,3135
2897,3349,3136
2898,3349,3138
2899,3349,3139
2900,3349,3140
2901,3349,3141
2902,3349,3142
2903,3349,3143
2904,3349,3144
2905,3349,3146
2906,3349,3147
2907,3349,3150
2908,3349,3151
2909,3349,3152
2910,3349,3153
2911,3349,3154
2912,3349,3157
2913,3349,3159
2914,3349,3161
2915,3349,3165
2916,3349,3166
2917,3349,3167
2918,3349,3168
2919,3349,3169
2920,3349,3170
2921,3349,3173
2922,3349,3175
2923,3349,3176
2924,3349,3177
2925,3349,3178
2926,3349,3179
2927,3349,3180
2928,3349,3182
2929,3349,3184
2930,3349,3185
2931,3349,3189
2932,3349,3190
2933,3349,3191
2934,3349,3192
2935,3349,3194
2936,3349,3195
2937,3349,3196
2938,3349,3198
2939,3349,3199
2940,3349,3201
2941,3349,3202
2942,3349,3204
2943,3349,3205
2944,3349,3206
2945,3349,3207
2946,3349,3208
2947,3349,3209
2948,3349,3210
2949,3349,3211
2950,3349,3213
2951,3349,3214
2952,3349,3215
2953,3349,3216
2954,3349,3219
2955,3349,3222
2956,3349,3223
2957,3349,3224
2958,3349,3225
2959,3349,3226
2960,3349,3228
2961,3349,3230
2962,3349,3231
2963,3349,3234
2964,3349,3235
2965,3349,3236
2966,3349,3237
2967,3349,3238
2968,3349,3240
2969,3349,3242
2970,3349,3243
2971,3349,3244
2972,3349,3245
2973,3349,3246
2974,3349,3247
2975,3349,3249
2976,3349,3250
2977,3349,3251
2978,3349,3252
2979,3349,3254
2980,3349,3255
2981,3349,3256
2982,3349,3257
2983,3349,3258
2984,3349,3259
2985,3349,3262
2986,3349,3263
2987,3349,3266
2988,3349,3267
2989,3349,3268
2990,3349,3272
2991,3349,3274
2992,3349,3275
2993,3349,3276
2994,3349,3277
2995,3349,3278
2996,3349,3279
2997,3349,3280
2998,3349,3281
2999,3349,3282
3000,3349,3283
3001,3349,3284
3002,3349,3286
3003,3349,3290
3004,3349,3291
3005,3349,3292
3006,3349,3293
3007,3349,3294
3008,3349,3295
3009,3349,3297
3010,3349,3299
3011,3349,3300
3012,3349,3301
3013,3349,3302
3014,3349,3303
3015,3349,3304
3016,3349,3305
3017,3349,3306
3018,3349,3307
3019,3349,3308
3020,3349,3309
3021,3349,3310
3022,3349,3311
3023,3349,3312
3024,3349,3313
3025,3349,3314
3026,3349,3315
3027,3349,3316
3028,3349,3317
3029,3349,3319
3030,3349,3321
3031,3349,3325
3032,3349,3328
3033,3349,3330
3034,3349,3332
3035,3349,3333
3036,3349,3335
3037,3349,3337
3038,3349,3338
3039,3349,3340
3040,3349,3341
3041,3349,3342
3042,3349,3343
3043,3349,3345
3044,3350,3346
3045,3352,3348
3046,3355,3351
3047,3359,3347
3048,3359,3349
3049,3359,3350
3050,3359,3352
3051,3359,3353
3052,3359,3354
3053,3359,3355
3054,3361,3357
3055,3364,3360
3056,3369,3365
3057,3370,3366
3058,3376,3372
3059,3379,3374
3060,3382,3377
3061,3384,3379
3062,3385,3380
3063,3386,3381
3064,3389,3384
3065,3393,3388
3066,3396,3391
3067,3397,3392
3068,3401,3396
3069,3403,3398
3070,3406,3401
3071,3408,3403
3072,3411,3406
3073,3412,3407
3074,3413,3408
3075,3414,3409
3076,3415,3410
3077,3422,3417
3078,3427,3422
3079,3428,3423
3080,3439,3434
3081,3440,3435
3082,3444,3439
3083,3449,3444
3084,3452,3447
3085,3457,3452
3086,3460,3455
3087,3461,3456
3088,3462,3457
3089,3472,3467
3090,3475,3470
3091,3476,3471
3092,3481,3476
3093,3483,3478
3094,3484,3479
3095,3486,3481
3096,3487,3482
3097,3488,3483
3098,3493,3488
3099,3494,3489
3100,3505,3500
3101,3508,3503
3102,3509,3504
3103,3511,3506
3104,3512,3507
3105,3513,3508
3106,3518,3513
3107,3520,3515
3108,3522,3517
3109,3524,3519
3110,3525,3520
3111,3527,3522
3112,3529,3524
3113,3532,3527
3114,3535,3530
3115,3543,3538
3116,3544,3539
3117,3552,3547
3118,3553,3548
3119,3556,3551
3120,3558,3553
3121,3561,3556
3122,3565,3560
3123,3567,3562
3124,3576,3570
3125,3580,3574
3126,3584,3578
3127,3585,3579
3128,3586,3580
3129,3587,3581
3130,3591,3585
3131,3592,3586
3132,3594,3588
3133,3597,3591
3134,3598,3592
3135,3602,3596
3136,3607,3601
3137,3609,3603
3138,3622,3616
3139,3623,3617
3140,3626,3620
3141,3628,3622
3142,3630,3624
3143,3632,3626
3144,3636,3630
3145,3640,3634
3146,3642,3636
3147,3646,3640
3148,3654,3571
3149,3654,3572
3150,3654,3573
3151,3654,3575
3152,3654,3576
3153,3654,3577
3154,3654,3582
3155,3654,3583
3156,3654,3584
3157,3654,3587
3158,3654,3589
3159,3654,3590
3160,3654,3593
3161,3654,3594
3162,3654,3595
3163,3654,3597
3164,3654,3598
3165,3654,3599
3166,3654,3600
3167,3654,3602
3168,3654,3604
3169,3654,3605
3170,3654,3606
3171,3654,3607
3172,3654,3608
3173,3654,3609
3174,3654,3610
3175,3654,3611
3176,3654,3612
3177,3654,3613
3178,3654,3614
3179,3654,3615
3180,3654,3618
3181,3654,3619
3182,3654,3621
3183,3654,3623
3184,3654,3625
3185,3654,3627
3186,3654,3628
3187,3654,3629
3188,3654,3631
3189,3654,3632
3190,3654,3633
3191,3654,3635
3192,3654,3637
3193,3654,3638
3194,3654,3639
3195,3654,3641
3196,3654,3642
3197,3654,3643
3198,3654,3644
3199,3654,3645
3200,3654,3646
3201,3654,3647
3202,3654,3648
3203,3656,3650
3204,3657,3651
3205,3662,3656
3206,3665,3659
3207,3667,3661
3208,3668,3662
3209,3672,3666
3210,3673,3667
3211,3676,3670
3212,3677,3671
3213,3681,3675
3214,3682,3676
3215,3685,3679
3216,3687,3681
3217,3691,3685
3218,3694,3688
3219,3696,3690
3220,3703,3697
3221,3707,3701
3222,3710,3704
3223,3711,3705
3224,3713,3707
3225,3717,3711
3226,3718,3712
3227,3720,3714
3228,3721,3715
3229,3725,3719
3230,3729,3723
3231,3738,3732
3232,3741,3735
3233,3747,3741
3234,3748,3742
3235,3750,3744
3236,3751,3745
3237,3754,3748
3238,3759,3753
3239,3761,3755
3240,3762,3756
3241,3767,3761
3242,3780,3774
3243,3786,3780
3244,3793,3787
3245,3798,3792
3246,3811,3805
3247,3814,3808
3248,3822,3816
3249,3823,3817
3250,3826,3820
3251,3828,3822
3252,3829,3823
3253,3830,3824
3254,3834,3828
3255,3836,3830
3256,3837,3831
3257,3842,3836
3258,3844,3838
3259,3848,3842
3260,3852,3846
3261,3854,3848
3262,3855,3849
3263,3856,3850
3264,3862,3856
3265,3863,3857
3266,3867,3861
3267,3869,3863
3268,3871,3865
3269,3877,3871
3270,3879,3873
3271,3887,3881
3272,3893,3887
3273,3897,3891
3274,3900,3894
3275,3903,3897
3276,3906,3900
3277,3907,3901
3278,3908,3902
3279,3911,3905
3280,3920,3914
3281,3921,3915
3282,3925,3919
3283,3926,3920
3284,3932,3926
3285,3934,3928
3286,3935,3929
3287,3938,3932
3288,3944,3938
3289,3947,3941
3290,3951,3945
3291,3954,3948
3292,3958,3952
3293,3959,3953
3294,3961,3955
3295,3974,3968
3296,3975,3649
3297,3975,3652
3298,3975,3653
3299,3975,3654
3300,3975,3655
3301,3975,3657
3302,3975,3658
3303,3975,3660
3304,3975,3663
3305,3975,3664
3306,3975,3665
3307,3975,3668
3308,3975,3669
3309,3975,3672
3310,3975,3673
3311,3975,3674
3312,3975,3677
3313,3975,3678
3314,3975,3680
3315,3975,3682
3316,3975,3683
3317,3975,3684
3318,3975,3686
3319,3975,3687
3320,3975,3689
3321,3975,3691
3322,3975,3692
3323,3975,3693
3324,3975,3694
3325,3975,3695
3326,3975,3696
3327,3975,3698
3328,3975,3699
3329,3975,3700
3330,3975,3702
3331,3975,3703
3332,3975,3706
3333,3975,3708
3334,3975,3709
3335,3975,3710
3336,3975,3713
3337,3975,3716
3338,3975,3717
3339,3975,3718
3340,3975,3720
3341,3975,3721
3342,3975,3722
3343,3975,3724
3344,3975,3725
3345,3975,3726
3346,3975,3727
3347,3975,3728
3348,3975,3729
3349,3975,3730
3350,3975,3731
3351,3975,3733
3352,3975,3734
3353,3975,3736
3354,3975,3737
3355,3975,3738
3356,3975,3739
3357,3975,3740
3358,3975,3743
3359,3975,3746
3360,3975,3747
3361,3975,3749
3362,3975,3750
3363,3975,3751
3364,3975,3752
3365,3975,3754
3366,3975,3757
3367,3975,3758
3368,3975,3759
3369,3975,3760
3370,3975,3762
3371,3975,3763
3372,3975,3764
3373,3975,3765
3374,3975,3766
3375,3975,3767
3376,3975,3768
3377,3975,3769
3378,3975,3770
3379,3975,3771
3380,3975,3772
3381,3975,3773
3382,3975,3775
3383,3975,3776
3384,3975,3777
3385,3975,3778
3386,3975,3779
3387,3975,3781
3388,3975,3782
3389,3975,3783
3390,3975,3784
3391,3975,3785
3392,3975,3786
3393,3975,3788
3394,3975,3789
3395,3975,3790
3396,3975,3791
3397,3975,3793
3398,3975,3794
3399,3975,3795
3400,3975,3796
3401,3975,3797
3402,3975,3798
3403,3975,3799
3404,3975,3800
3405,3975,3801
3406,3975,3802
3407,3975,3803
3408,3975,3804
3409,3975,3806
3410,3975,3807
3411,3975,3809
3412,3975,3810
3413,3975,3811
3414,3975,3812
3415,3975,3813
3416,3975,3814
3417,3975,3815
3418,3975,3818
3419,3975,3819
3420,3975,3821
3421,3975,3825
3422,3975,3826
3423,3975,3827
3424,3975,3829
3425,3975,3832
3426,3975,3833
3427,3975,3834
3428,3975,3835
3429,3975,3837
3430,3975,3839
3431,3975,3840
3432,3975,3841
3433,3975,3843
3434,3975,3844
3435,3975,3845
3436,3975,3847
3437,3975,3851
3438,3975,3852
3439,3975,3853
3440,3975,3854
3441,3975,3855
3442,3975,3858
3443,3975,3859
3444,3975,3860
3445,3975,3862
3446,3975,3864
3447,3975,3866
3448,3975,3867
3449,3975,3868
3450,3975,3869
3451,3975,3870
3452,3975,3872
3453,3975,3874
3454,3975,3875
3455,3975,3876
3456,3975,3877
3457,3975,3878
3458,3975,3879
3459,3975,3880
3460,3975,3882
3461,3975,3883
3462,3975,3884
3463,3975,3885
3464,3975,3886
3465,3975,3888
3466,3975,3889
3467,3975,3890
3468,3975,3892
3469,3975,3893
3470,3975,3895
3471,3975,3896
3472,3975,3898
3473,3975,3899
3474,3975,3903
3475,3975,3904
3476,3975,3906
3477,3975,3907
3478,3975,3908
3479,3975,3909
3480,3975,3910
3481,3975,3911
3482,3975,3912
3483,3975,3913
3484,3975,3916
3485,3975,3917
3486,3975,3918
3487,3975,3921
3488,3975,3922
3489,3975,3923
3490,3975,3924
3491,3975,3925
3492,3975,3927
3493,3975,3930
3494,3975,3931
3495,3975,3933
3496,3975,3934
3497,3975,3935
3498,3975,3936
3499,3975,3937
3500,3975,3939
3501,3975,3940
3502,3975,3942
3503,3975,3943
3504,3975,3944
3505,3975,3946
3506,3975,3947
3507,3975,3949
3508,3975,3950
3509,3975,3951
3510,3975,3954
3511,3975,3956
3512,3975,3957
3513,3975,3958
3514,3975,3959
3515,3975,3960
3516,3975,3961
3517,3975,3962
3518,3975,3963
3519,3975,3964
3520,3975,3965
3521,3975,3966
3522,3975,3967
3523,3975,3969
