id,cardID,creditLimit,availableCredit
1,1,26000.00,3429.36
2,7,66000.00,41475.18
3,8,1000.00,907.82
4,10,85000.00,31597.73
5,12,3000.00,783.49
6,13,73000.00,48933.95
7,15,77000.00,1474.94
8,17,5000.00,1034.53
9,20,52000.00,15102.40
10,25,19000.00,4381.30
11,26,86000.00,7780.28
12,28,31000.00,20620.62
13,29,83000.00,28853.20
14,31,67000.00,60786.29
15,34,35000.00,8580.82
16,35,89000.00,3413.27
17,36,91000.00,88926.43
18,37,13000.00,10224.46
19,40,24000.00,20442.79
20,41,72000.00,35991.50
21,42,5000.00,4146.96
22,43,86000.00,12220.94
23,44,89000.00,82637.55
24,46,35000.00,10955.92
25,53,68000.00,17768.14
26,54,56000.00,34754.28
27,57,12000.00,3736.35
28,61,29000.00,11092.58
29,62,19000.00,695.18
30,65,91000.00,14107.66
31,68,53000.00,39125.10
32,70,1000.00,490.07
33,72,97000.00,82529.85
34,76,82000.00,22442.85
35,77,86000.00,51046.87
36,78,96000.00,91107.51
37,80,17000.00,5006.97
38,84,22000.00,6585.75
39,86,56000.00,39249.60
40,87,79000.00,40330.47
41,88,61000.00,57925.25
42,90,41000.00,12378.16
43,91,31000.00,24329.67
44,93,81000.00,17740.22
45,97,12000.00,3828.74
46,100,32000.00,7842.77
47,101,24000.00,10144.97
48,102,55000.00,46623.79
49,105,21000.00,2495.78
50,106,36000.00,16625.74
51,108,29000.00,793.34
52,110,3000.00,1736.41
53,113,67000.00,47238.79
54,114,68000.00,14911.23
55,115,49000.00,16496.23
56,116,9000.00,7800.20
57,121,89000.00,27128.71
58,123,19000.00,18141.71
59,124,38000.00,26758.96
60,125,98000.00,40411.32
61,128,14000.00,6814.65
62,132,83000.00,70563.83
63,133,18000.00,5423.55
64,135,76000.00,70766.91
65,136,47000.00,11479.29
66,139,57000.00,12256.81
67,140,47000.00,46799.31
68,141,36000.00,32207.85
69,142,93000.00,41718.68
70,143,96000.00,49509.63
71,146,28000.00,19844.22
72,149,66000.00,20691.44
73,153,87000.00,15428.50
74,156,7000.00,3575.96
75,157,45000.00,3808.57
76,158,80000.00,28133.12
77,159,25000.00,20895.44
78,161,18000.00,1338.96
79,162,36000.00,9842.79
80,164,42000.00,7011.62
81,169,46000.00,10409.24
82,172,66000.00,55244.93
83,177,68000.00,29881.66
84,178,11000.00,7693.08
85,180,99000.00,59768.87
86,182,54000.00,11662.71
87,184,4000.00,3593.26
88,185,64000.00,10945.90
89,189,72000.00,23582.92
90,190,22000.00,8959.40
91,191,91000.00,81787.61
92,192,30000.00,1550.14
93,193,82000.00,21637.43
94,197,63000.00,1803.01
95,199,48000.00,14613.36
96,203,47000.00,27458.66
97,204,49000.00,21824.73
98,205,9000.00,905.86
99,206,79000.00,15177.45
100,209,99000.00,6351.39
101,211,81000.00,80221.46
102,213,54000.00,45854.43
103,214,35000.00,13342.94
104,215,49000.00,48489.69
105,216,30000.00,23002.08
106,217,19000.00,14612.67
107,218,76000.00,51474.52
108,219,33000.00,15728.00
109,222,55000.00,11110.28
110,224,83000.00,11268.52
111,225,76000.00,28544.12
112,227,100000.00,69853.18
113,228,50000.00,45094.37
114,231,47000.00,38161.22
115,233,79000.00,31285.82
116,234,92000.00,60810.43
117,236,59000.00,54723.33
118,237,63000.00,17198.76
119,238,97000.00,15961.42
120,239,82000.00,13959.43
121,240,23000.00,178.93
122,241,31000.00,12466.50
123,243,81000.00,63886.16
124,244,4000.00,3714.40
125,246,77000.00,26053.65
126,249,80000.00,37339.02
127,250,23000.00,17409.24
128,253,75000.00,36429.50
129,254,6000.00,118.13
130,255,8000.00,208.34
131,256,34000.00,20867.86
132,257,88000.00,53536.78
133,258,38000.00,23520.94
134,262,68000.00,55030.07
135,263,20000.00,15146.73
136,265,77000.00,61498.27
137,267,76000.00,51995.03
138,268,90000.00,30364.81
139,269,39000.00,12029.19
140,270,95000.00,4351.24
141,272,43000.00,24261.46
142,273,44000.00,1620.07
143,274,80000.00,50083.41
144,275,81000.00,18559.65
145,276,24000.00,7802.08
146,277,4000.00,3369.10
147,280,29000.00,6730.01
148,283,2000.00,1160.67
149,285,26000.00,25280.06
150,286,34000.00,12536.78
151,290,34000.00,1413.80
152,292,46000.00,6930.23
153,293,1000.00,349.53
154,294,67000.00,2411.48
155,299,56000.00,8090.55
156,300,73000.00,18937.65
157,303,97000.00,11713.21
158,307,22000.00,30.86
159,312,69000.00,47112.15
160,313,58000.00,53029.30
161,318,64000.00,6281.88
162,322,38000.00,1080.11
163,323,88000.00,32269.41
164,324,21000.00,1519.25
165,325,84000.00,14142.55
166,326,41000.00,31391.19
167,328,43000.00,4612.23
168,329,79000.00,27409.58
169,330,39000.00,21429.72
170,332,89000.00,56963.11
171,333,93000.00,6629.81
172,336,2000.00,427.81
173,340,87000.00,68527.09
174,345,74000.00,8050.91
175,347,83000.00,81437.18
176,349,23000.00,1397.84
177,350,31000.00,23118.03
178,351,87000.00,9277.56
179,356,26000.00,21431.51
180,357,51000.00,50745.34
181,358,31000.00,3213.30
182,359,68000.00,60470.32
183,361,75000.00,4630.87
184,363,29000.00,9810.14
185,364,60000.00,374.43
186,365,69000.00,1161.58
187,366,91000.00,71407.76
188,367,30000.00,23129.57
189,369,8000.00,7530.14
190,370,86000.00,82407.62
191,371,1000.00,552.15
192,373,39000.00,17642.18
193,375,60000.00,3400.60
194,378,52000.00,17429.62
195,379,72000.00,54857.20
196,380,99000.00,10928.88
197,384,52000.00,23303.53
198,387,87000.00,15747.49
199,388,21000.00,4147.34
200,395,72000.00,18706.73
201,396,59000.00,38700.76
202,398,50000.00,39443.35
203,402,42000.00,37627.32
204,403,38000.00,34370.84
205,407,27000.00,8893.46
206,408,93000.00,89039.30
207,414,30000.00,2763.80
208,415,96000.00,66418.57
209,421,48000.00,23480.09
210,424,23000.00,11033.50
211,425,47000.00,15344.80
212,429,61000.00,50653.72
213,431,95000.00,42252.93
214,434,60000.00,21665.45
215,438,62000.00,8512.94
216,442,37000.00,8911.31
217,443,72000.00,48897.38
218,444,51000.00,10513.36
219,445,4000.00,2889.99
220,446,60000.00,15373.51
221,448,58000.00,44824.74
222,453,35000.00,19043.66
223,454,65000.00,48239.43
224,455,25000.00,5121.81
225,461,52000.00,32318.90
226,464,86000.00,57743.97
227,465,52000.00,41964.92
228,469,83000.00,4323.17
229,470,83000.00,7035.84
230,471,87000.00,28271.50
231,472,93000.00,22227.40
232,475,88000.00,18292.02
233,476,10000.00,8931.86
234,478,20000.00,16082.09
235,479,80000.00,33115.64
236,480,96000.00,38293.64
237,481,7000.00,4431.71
238,483,14000.00,8120.22
239,486,46000.00,19223.10
240,487,69000.00,17291.36
241,493,68000.00,14819.36
242,496,29000.00,6945.19
243,497,56000.00,10659.21
244,498,8000.00,6603.92
245,499,19000.00,14432.33
246,502,15000.00,4925.71
247,503,39000.00,28354.83
248,511,22000.00,513.71
249,514,57000.00,55694.34
250,516,10000.00,8963.46
251,517,32000.00,6213.32
252,518,24000.00,14888.88
253,520,24000.00,22074.65
254,522,80000.00,19805.50
255,525,45000.00,16054.11
256,527,39000.00,33529.73
257,528,21000.00,13769.30
258,529,3000.00,2318.71
259,530,100000.00,58384.02
260,531,17000.00,2185.85
261,534,78000.00,13535.28
262,537,79000.00,21660.98
263,539,88000.00,13052.23
264,540,99000.00,89387.07
265,543,21000.00,9526.35
266,544,82000.00,7997.14
267,545,64000.00,32625.39
268,547,29000.00,24296.03
269,548,40000.00,16689.74
270,549,66000.00,49211.14
271,550,55000.00,3246.63
272,551,67000.00,18339.81
273,556,82000.00,21703.59
274,558,55000.00,27268.32
275,559,52000.00,8624.43
276,562,61000.00,56504.52
277,566,98000.00,17571.58
278,567,66000.00,22372.71
279,568,59000.00,43801.95
280,569,28000.00,18575.83
281,570,7000.00,6796.62
282,571,74000.00,49343.01
283,572,12000.00,1438.08
284,573,3000.00,2059.23
285,574,24000.00,11904.36
286,577,97000.00,41182.01
287,579,1000.00,504.10
288,585,71000.00,22808.15
289,587,33000.00,29226.54
290,590,84000.00,75797.29
291,591,71000.00,10523.73
292,593,16000.00,14469.76
293,596,17000.00,15526.43
294,598,2000.00,1191.31
295,601,35000.00,18948.47
296,605,59000.00,7286.40
297,606,18000.00,8308.11
298,607,94000.00,69619.31
299,610,5000.00,3123.63
300,611,82000.00,50695.20
301,614,25000.00,1518.13
302,615,74000.00,14409.48
303,616,93000.00,70883.98
304,619,39000.00,18304.48
305,620,76000.00,70133.31
306,623,16000.00,2012.28
307,625,11000.00,5914.89
308,627,94000.00,19131.44
309,628,58000.00,20176.95
310,629,94000.00,44810.62
311,632,100000.00,90534.00
312,633,34000.00,14892.57
313,634,26000.00,18990.55
314,635,44000.00,38804.16
315,636,12000.00,6239.86
316,639,56000.00,46738.47
317,649,44000.00,4956.02
318,652,70000.00,2268.63
319,655,62000.00,46708.76
320,662,14000.00,2530.15
321,664,59000.00,30099.78
322,665,17000.00,7350.90
323,666,56000.00,25819.24
324,667,19000.00,17634.63
325,670,57000.00,55552.23
326,671,35000.00,30743.88
327,674,86000.00,1967.93
328,675,32000.00,4014.15
329,676,58000.00,30571.24
330,677,62000.00,20187.67
331,681,96000.00,40990.31
332,684,11000.00,2970.67
333,685,73000.00,70620.78
334,686,43000.00,30307.13
335,687,24000.00,15745.79
336,688,91000.00,35000.17
337,689,69000.00,24075.16
338,690,66000.00,1022.27
339,691,54000.00,38779.02
340,693,50000.00,17398.84
341,696,33000.00,4166.02
342,697,51000.00,20709.00
343,698,92000.00,11464.80
344,699,48000.00,2570.60
345,700,47000.00,31632.71
346,704,87000.00,20476.76
347,705,41000.00,7619.07
348,707,30000.00,17199.64
349,711,41000.00,3282.84
350,712,67000.00,45260.56
351,713,82000.00,51358.42
352,714,56000.00,39907.43
353,715,16000.00,6173.26
354,716,10000.00,5648.75
355,717,54000.00,15463.00
356,718,45000.00,9857.95
357,720,37000.00,9944.51
358,721,60000.00,2772.61
359,724,12000.00,2073.38
360,727,15000.00,7548.18
361,729,24000.00,18663.62
362,730,21000.00,3447.34
363,734,40000.00,22234.52
364,735,95000.00,92908.34
365,736,40000.00,1048.53
366,737,81000.00,69900.89
367,738,45000.00,1097.20
368,741,48000.00,19404.40
369,744,47000.00,46690.83
370,745,86000.00,4655.41
371,748,19000.00,13401.52
372,749,19000.00,5649.17
373,750,75000.00,50819.81
374,752,78000.00,53739.49
375,756,26000.00,1399.93
376,759,64000.00,16203.70
377,761,74000.00,30923.92
378,765,19000.00,17022.83
379,766,76000.00,51962.15
380,768,52000.00,48732.84
381,769,49000.00,16550.59
382,770,53000.00,27083.11
383,772,89000.00,78924.07
384,773,97000.00,37795.27
385,774,40000.00,35694.98
386,776,28000.00,15961.51
387,778,42000.00,29544.35
388,781,67000.00,18167.50
389,782,86000.00,54511.62
390,784,13000.00,4104.78
391,786,10000.00,4599.22
392,787,41000.00,28953.19
393,788,81000.00,39226.45
394,789,4000.00,3561.57
395,790,68000.00,60015.55
396,794,73000.00,31250.52
397,796,29000.00,20414.58
398,798,36000.00,22978.53
399,799,25000.00,18251.35
400,801,43000.00,12912.88
401,802,33000.00,29640.69
402,803,92000.00,43672.98
403,805,100000.00,79195.10
404,811,3000.00,2866.48
405,813,70000.00,60682.50
406,814,6000.00,2380.74
407,819,29000.00,24598.41
408,823,99000.00,64889.41
409,824,54000.00,24153.88
410,826,15000.00,8396.65
411,831,20000.00,11987.20
412,833,31000.00,24783.77
413,835,82000.00,59016.06
414,838,27000.00,3461.44
415,839,3000.00,275.34
416,840,82000.00,9009.39
417,842,23000.00,494.90
418,843,41000.00,10340.73
419,844,97000.00,85753.06
420,845,25000.00,6807.65
421,847,95000.00,47334.18
422,848,77000.00,41089.49
423,849,96000.00,67049.76
424,851,66000.00,45624.23
425,855,42000.00,32125.28
426,856,85000.00,49381.24
427,858,68000.00,38346.03
428,860,78000.00,4914.61
429,862,25000.00,7181.56
430,863,52000.00,33365.52
431,864,14000.00,8271.65
432,866,29000.00,1705.82
433,867,64000.00,20678.22
434,874,37000.00,21092.13
435,876,10000.00,1362.28
436,880,56000.00,37088.80
437,881,8000.00,6556.05
438,885,50000.00,26647.24
439,886,95000.00,64508.26
440,887,65000.00,41454.86
441,890,84000.00,1477.22
442,891,100000.00,29285.13
443,893,80000.00,24892.06
444,895,43000.00,794.67
445,896,69000.00,10872.17
446,897,53000.00,8446.33
447,905,33000.00,12669.08
448,906,78000.00,60775.04
449,907,72000.00,62909.14
450,908,13000.00,7527.36
451,909,65000.00,9927.88
452,910,76000.00,73202.21
453,912,73000.00,55700.03
454,915,83000.00,14407.75
455,916,27000.00,3826.27
456,918,47000.00,7996.77
457,919,36000.00,9802.42
458,924,43000.00,32110.23
459,925,77000.00,1666.03
460,926,85000.00,5260.65
461,929,31000.00,17380.09
462,930,46000.00,42237.41
463,932,41000.00,14882.09
464,933,77000.00,13041.78
465,934,2000.00,1222.52
466,937,23000.00,13090.73
467,940,20000.00,2856.57
468,942,48000.00,45750.74
469,943,29000.00,3634.94
470,944,28000.00,14434.77
471,945,83000.00,74011.20
472,947,30000.00,10688.62
473,951,3000.00,1508.57
474,952,79000.00,60550.56
475,953,87000.00,13484.06
476,954,36000.00,5298.50
477,957,76000.00,74278.76
478,958,1000.00,90.67
479,961,2000.00,1087.79
480,970,15000.00,12557.82
481,971,10000.00,2741.38
482,972,73000.00,3706.62
483,973,71000.00,49962.50
484,976,78000.00,25414.86
485,979,80000.00,76712.71
486,980,62000.00,41257.63
487,982,6000.00,1596.55
488,983,65000.00,34486.15
489,985,35000.00,20235.81
490,986,6000.00,3458.08
491,988,8000.00,4805.00
492,989,78000.00,74510.85
493,991,34000.00,26231.60
494,992,65000.00,46388.41
495,994,17000.00,8742.68
496,996,8000.00,7158.87
497,997,67000.00,17592.51
498,999,61000.00,54018.54
499,1001,1000.00,562.36
500,1003,8000.00,2388.17
501,1005,24000.00,21194.79
502,1006,3000.00,1046.22
503,1011,27000.00,13143.38
504,1013,48000.00,23821.93
505,1014,19000.00,10415.43
506,1017,2000.00,1078.34
507,1019,92000.00,65232.70
508,1020,36000.00,27897.19
509,1021,97000.00,14133.00
510,1025,61000.00,59736.08
511,1027,77000.00,22968.09
512,1028,85000.00,24602.92
513,1030,3000.00,930.56
514,1032,87000.00,61310.81
515,1035,72000.00,17066.25
516,1038,12000.00,10003.71
517,1039,72000.00,51907.77
518,1040,34000.00,30004.23
519,1041,5000.00,4421.79
520,1042,80000.00,26021.13
521,1045,50000.00,10717.04
522,1046,14000.00,11408.40
523,1048,68000.00,60079.34
524,1049,44000.00,31368.81
525,1050,5000.00,1850.74
526,1052,72000.00,59730.50
527,1053,16000.00,7798.63
528,1060,39000.00,6351.64
529,1064,15000.00,9350.41
530,1065,53000.00,11489.47
531,1068,12000.00,277.59
532,1070,6000.00,4482.22
533,1072,67000.00,57081.83
534,1075,45000.00,14220.21
535,1079,63000.00,20466.98
536,1080,34000.00,17387.95
537,1081,4000.00,154.18
538,1082,40000.00,35489.56
539,1088,88000.00,37534.08
540,1089,74000.00,49943.13
541,1091,33000.00,31897.08
542,1094,22000.00,18388.17
543,1098,71000.00,34840.93
544,1101,79000.00,30217.86
545,1102,67000.00,62008.68
546,1103,25000.00,21566.09
547,1104,52000.00,20693.52
548,1105,81000.00,40036.34
549,1106,11000.00,6550.96
550,1107,25000.00,8000.52
551,1109,63000.00,46734.49
552,1110,34000.00,5501.32
553,1111,21000.00,14148.84
554,1113,20000.00,17654.22
555,1115,76000.00,66638.28
556,1116,27000.00,5081.85
557,1117,42000.00,2922.62
558,1121,27000.00,20423.70
559,1124,2000.00,299.87
560,1125,41000.00,9.35
561,1127,35000.00,14232.14
562,1128,94000.00,67510.85
563,1134,11000.00,10524.98
564,1135,15000.00,3037.60
565,1138,87000.00,19745.40
566,1139,2000.00,177.77
567,1140,96000.00,21898.04
568,1151,48000.00,41193.66
569,1152,49000.00,18916.01
570,1153,83000.00,59780.07
571,1156,78000.00,74160.12
572,1157,24000.00,23970.34
573,1160,5000.00,2665.13
574,1161,62000.00,20174.40
575,1162,33000.00,32643.11
576,1163,99000.00,18844.19
577,1166,96000.00,33124.28
578,1174,41000.00,29839.24
579,1176,69000.00,6713.53
580,1177,45000.00,7759.53
581,1178,67000.00,50576.28
582,1179,21000.00,18914.42
583,1182,84000.00,36022.17
584,1183,14000.00,8334.88
585,1185,61000.00,48228.19
586,1187,56000.00,31378.24
587,1193,86000.00,34940.85
588,1194,90000.00,78870.26
589,1195,94000.00,1072.94
590,1197,70000.00,20657.39
591,1198,42000.00,18009.95
592,1199,79000.00,53704.32
593,1201,77000.00,55917.11
594,1203,74000.00,15499.00
595,1204,1000.00,757.95
596,1206,86000.00,71325.71
597,1208,74000.00,39393.26
598,1209,33000.00,31195.66
599,1216,84000.00,14690.20
600,1217,62000.00,25091.67
601,1218,16000.00,2153.63
602,1219,33000.00,23818.30
603,1221,49000.00,17608.60
604,1222,81000.00,66324.19
605,1225,42000.00,41689.49
606,1226,5000.00,4928.03
607,1229,18000.00,5748.50
608,1230,40000.00,30624.18
609,1232,58000.00,29942.74
610,1233,82000.00,4509.77
611,1237,22000.00,14363.34
612,1238,89000.00,1012.46
613,1240,37000.00,563.14
614,1243,56000.00,43752.04
615,1244,34000.00,20823.95
616,1247,20000.00,3402.53
617,1248,27000.00,22292.81
618,1250,85000.00,56345.52
619,1251,63000.00,33410.35
620,1252,91000.00,64894.92
621,1253,74000.00,43340.93
622,1254,80000.00,15005.19
623,1255,19000.00,8627.30
624,1256,83000.00,20926.13
625,1258,88000.00,68385.68
626,1261,5000.00,4298.53
627,1262,76000.00,20253.88
628,1264,80000.00,2353.92
629,1266,88000.00,83858.25
630,1268,81000.00,23315.09
631,1270,34000.00,33808.76
632,1271,91000.00,40373.46
633,1272,3000.00,2377.52
634,1273,41000.00,35828.15
635,1274,51000.00,1754.93
636,1276,35000.00,33795.46
637,1279,24000.00,5604.95
638,1282,94000.00,45222.70
639,1283,6000.00,2092.45
640,1284,79000.00,47759.07
641,1286,91000.00,40740.96
642,1287,32000.00,21784.25
643,1290,41000.00,9678.94
644,1291,54000.00,33073.55
645,1294,58000.00,10369.19
646,1297,98000.00,80946.55
647,1299,41000.00,1029.49
648,1300,37000.00,6561.68
649,1304,32000.00,24315.89
650,1305,39000.00,26959.71
651,1306,88000.00,48811.38
652,1308,94000.00,36470.45
653,1312,8000.00,5823.88
654,1313,56000.00,20298.46
655,1316,33000.00,14501.83
656,1317,97000.00,32428.14
657,1318,90000.00,22204.61
658,1319,85000.00,64067.49
659,1320,8000.00,5806.75
660,1321,64000.00,63866.84
661,1324,90000.00,37335.92
662,1325,12000.00,5279.70
663,1326,61000.00,47406.47
664,1334,46000.00,6876.44
665,1335,26000.00,17090.25
666,1336,47000.00,31827.89
667,1337,16000.00,3781.33
668,1340,11000.00,7824.91
669,1344,79000.00,42968.26
670,1345,72000.00,61751.11
671,1347,88000.00,2974.89
672,1348,22000.00,3750.67
673,1349,52000.00,8617.65
674,1351,89000.00,21978.35
675,1355,70000.00,23043.08
676,1356,84000.00,18996.55
677,1359,22000.00,14010.18
678,1362,84000.00,23901.99
679,1363,67000.00,4224.77
680,1364,14000.00,13135.26
681,1366,55000.00,9055.36
682,1367,98000.00,91803.90
683,1368,10000.00,448.52
684,1369,42000.00,20924.12
685,1371,90000.00,17876.03
686,1372,62000.00,60208.62
687,1375,25000.00,8535.44
688,1376,75000.00,64529.10
689,1377,72000.00,70475.75
690,1378,80000.00,44715.33
691,1379,18000.00,4386.75
692,1380,42000.00,26745.61
693,1381,76000.00,30813.92
694,1386,93000.00,15463.60
695,1387,9000.00,5434.05
696,1388,30000.00,23315.20
697,1394,7000.00,2666.41
698,1395,100000.00,80101.76
699,1396,100000.00,76212.45
700,1397,98000.00,48972.46
701,1400,62000.00,6147.15
702,1405,23000.00,20897.90
703,1406,82000.00,66179.05
704,1407,51000.00,45412.85
705,1409,90000.00,52394.87
706,1410,90000.00,74251.54
707,1412,5000.00,3927.56
708,1416,43000.00,42436.10
709,1421,38000.00,1448.37
710,1423,34000.00,33823.88
711,1426,1000.00,546.73
712,1427,42000.00,23832.42
713,1428,98000.00,60648.83
714,1432,64000.00,13766.92
715,1433,50000.00,14996.57
716,1435,62000.00,43492.08
717,1436,2000.00,1007.98
718,1437,62000.00,41770.85
719,1440,80000.00,37135.39
720,1441,40000.00,23380.25
721,1451,22000.00,13763.48
722,1452,71000.00,60762.25
723,1454,25000.00,17627.71
724,1457,72000.00,11650.73
725,1458,47000.00,39498.36
726,1460,57000.00,16747.12
727,1461,21000.00,2737.38
728,1462,22000.00,17340.88
729,1467,41000.00,2264.22
730,1471,85000.00,41169.75
731,1473,24000.00,2590.48
732,1474,24000.00,17687.93
733,1475,78000.00,60485.12
734,1477,51000.00,41653.45
735,1478,31000.00,24153.06
736,1480,2000.00,1239.85
737,1481,84000.00,32385.17
738,1482,76000.00,23074.85
739,1483,39000.00,29790.03
740,1485,31000.00,9183.25
741,1486,52000.00,32792.70
742,1487,31000.00,8381.77
743,1489,33000.00,32503.10
744,1490,78000.00,51156.75
745,1491,55000.00,11372.16
746,1492,35000.00,5812.05
747,1493,40000.00,8410.43
748,1494,98000.00,19131.82
749,1497,19000.00,3428.60
750,1499,85000.00,53711.49
751,1500,34000.00,18959.40
752,1501,5000.00,2917.24
753,1503,71000.00,45264.13
754,1504,17000.00,4202.50
755,1508,22000.00,14364.27
756,1510,97000.00,75457.88
757,1513,73000.00,3450.65
758,1515,51000.00,42063.93
759,1516,97000.00,25407.37
760,1518,30000.00,16996.11
761,1520,59000.00,20420.10
762,1521,10000.00,2356.02
763,1527,41000.00,31628.20
764,1530,88000.00,26834.70
765,1531,97000.00,66809.61
766,1532,53000.00,29999.69
767,1533,84000.00,2087.00
768,1534,14000.00,13000.97
769,1536,47000.00,19261.58
770,1538,45000.00,35842.07
771,1542,60000.00,45403.58
772,1543,19000.00,13159.77
773,1545,11000.00,1066.40
774,1548,18000.00,2674.38
775,1549,15000.00,8256.02
776,1553,32000.00,23116.09
777,1554,89000.00,65049.84
778,1558,41000.00,30346.26
779,1560,57000.00,10239.25
780,1564,73000.00,72487.10
781,1568,98000.00,15224.55
782,1570,64000.00,6559.51
783,1571,48000.00,36702.19
784,1578,44000.00,3946.29
785,1579,31000.00,4659.37
786,1580,97000.00,67827.66
787,1582,23000.00,10546.91
788,1583,40000.00,29263.31
789,1585,1000.00,796.27
790,1586,62000.00,30185.30
791,1598,10000.00,4619.04
792,1600,3000.00,2818.01
793,1602,21000.00,4492.07
794,1603,88000.00,23155.63
795,1605,97000.00,86245.26
796,1607,60000.00,13819.16
797,1608,13000.00,11187.51
798,1613,26000.00,6655.19
799,1615,61000.00,49491.51
800,1617,30000.00,5328.84
801,1620,43000.00,33640.07
802,1622,55000.00,6309.13
803,1624,38000.00,33495.83
804,1625,72000.00,59516.87
805,1626,4000.00,1709.27
806,1628,60000.00,19932.25
807,1629,31000.00,18857.40
808,1630,80000.00,31652.14
809,1632,71000.00,18855.31
810,1633,60000.00,11844.36
811,1634,65000.00,26291.41
812,1638,38000.00,28406.39
813,1640,72000.00,15313.86
814,1641,90000.00,19393.07
815,1642,64000.00,46500.48
816,1643,56000.00,40320.53
817,1644,43000.00,1371.47
818,1645,86000.00,30138.66
819,1647,66000.00,44892.22
820,1649,8000.00,3100.61
821,1651,98000.00,45967.40
822,1652,66000.00,64982.77
823,1653,78000.00,36985.08
824,1658,52000.00,16699.38
825,1659,53000.00,26159.15
826,1660,37000.00,26012.64
827,1661,79000.00,62283.00
828,1663,14000.00,8531.36
829,1665,100000.00,8701.59
830,1666,4000.00,684.53
831,1669,84000.00,18804.63
832,1670,83000.00,39569.30
833,1671,26000.00,13219.14
834,1672,54000.00,46022.36
835,1674,50000.00,20311.51
836,1679,20000.00,10779.26
837,1682,78000.00,27671.29
838,1683,88000.00,15619.80
839,1685,12000.00,963.36
840,1686,6000.00,903.35
841,1689,80000.00,66558.04
842,1690,67000.00,34931.63
843,1692,71000.00,32511.22
844,1694,30000.00,15100.55
845,1699,77000.00,71996.30
846,1700,19000.00,4677.81
847,1704,6000.00,868.39
848,1706,99000.00,56847.71
849,1707,83000.00,15064.59
850,1711,44000.00,22869.73
851,1713,49000.00,11471.51
852,1715,53000.00,52103.75
853,1718,81000.00,74067.46
854,1719,5000.00,2014.68
855,1721,66000.00,29332.22
856,1722,93000.00,47237.04
857,1723,24000.00,2406.41
858,1724,28000.00,17028.85
859,1725,11000.00,2394.58
860,1726,19000.00,8015.60
861,1732,14000.00,13775.02
862,1734,19000.00,1706.27
863,1736,42000.00,11548.99
864,1737,63000.00,26032.08
865,1738,8000.00,3293.57
866,1739,75000.00,47087.98
867,1740,43000.00,25918.15
868,1742,88000.00,44000.97
869,1744,44000.00,35873.56
870,1747,15000.00,1983.62
871,1748,65000.00,523.23
872,1750,44000.00,1469.29
873,1751,48000.00,24375.03
874,1752,94000.00,36069.34
875,1754,58000.00,8358.09
876,1755,40000.00,5575.93
877,1757,15000.00,10494.68
878,1761,67000.00,40775.69
879,1763,30000.00,28168.07
880,1764,61000.00,49613.62
881,1771,48000.00,44768.94
882,1776,85000.00,70428.86
883,1777,43000.00,28453.34
884,1779,4000.00,611.43
885,1780,96000.00,9171.96
886,1782,9000.00,5691.87
887,1783,98000.00,49569.37
888,1785,70000.00,63823.02
889,1790,48000.00,45651.29
890,1793,5000.00,4550.93
891,1796,80000.00,30692.89
892,1801,35000.00,14525.81
893,1802,95000.00,93832.54
894,1803,85000.00,68594.17
895,1804,32000.00,9473.55
896,1805,64000.00,32093.24
897,1810,9000.00,6493.30
898,1812,76000.00,32782.06
899,1815,53000.00,41671.57
900,1819,10000.00,388.33
901,1820,12000.00,11355.29
902,1821,70000.00,19667.18
903,1826,64000.00,25302.10
904,1827,17000.00,6318.09
905,1828,30000.00,542.36
906,1830,87000.00,40408.85
907,1832,86000.00,42995.92
908,1834,39000.00,26953.42
909,1843,38000.00,24585.75
910,1845,51000.00,11454.28
911,1855,66000.00,26794.10
912,1856,79000.00,46812.02
913,1858,54000.00,47711.46
914,1859,8000.00,5381.98
915,1860,24000.00,9098.93
916,1863,33000.00,28328.79
917,1864,54000.00,31884.19
918,1867,98000.00,91495.40
919,1868,81000.00,66692.46
920,1869,21000.00,11249.01
921,1871,82000.00,63888.81
922,1875,93000.00,54813.51
923,1876,71000.00,9379.39
924,1878,92000.00,75292.68
925,1880,6000.00,2366.58
926,1881,34000.00,5568.05
927,1882,31000.00,30071.72
928,1884,58000.00,43561.47
929,1885,5000.00,321.18
930,1887,6000.00,3286.02
931,1888,90000.00,86767.68
932,1889,99000.00,50386.27
933,1890,38000.00,22213.40
934,1894,64000.00,61600.85
935,1895,66000.00,58619.75
936,1900,73000.00,25697.36
937,1902,32000.00,29767.70
938,1905,57000.00,17648.96
939,1906,11000.00,4243.14
940,1907,86000.00,14516.52
941,1908,88000.00,2333.12
942,1909,73000.00,70563.77
943,1911,61000.00,36492.72
944,1915,25000.00,14632.40
945,1917,80000.00,75917.85
946,1920,27000.00,25688.36
947,1926,66000.00,10513.99
948,1927,90000.00,79454.68
949,1928,11000.00,10293.00
950,1929,38000.00,15279.77
951,1931,65000.00,64522.68
952,1933,13000.00,457.15
953,1934,30000.00,24182.52
954,1935,72000.00,32558.10
955,1936,28000.00,19709.37
956,1938,48000.00,9821.10
957,1942,55000.00,51600.96
958,1945,50000.00,27879.61
959,1946,23000.00,9460.81
960,1947,22000.00,2974.68
961,1948,12000.00,7805.40
962,1949,21000.00,2563.40
963,1951,40000.00,19476.44
964,1953,80000.00,50716.23
965,1955,81000.00,31745.80
966,1956,63000.00,52371.98
967,1957,87000.00,9814.43
968,1958,83000.00,12819.11
969,1959,44000.00,22104.09
970,1962,32000.00,18966.32
971,1966,5000.00,1638.43
972,1971,63000.00,38831.28
973,1973,45000.00,24098.68
974,1976,95000.00,60128.44
975,1977,82000.00,45739.27
976,1978,81000.00,61506.14
977,1979,28000.00,14410.27
978,1980,74000.00,14352.12
979,1983,84000.00,55485.56
980,1985,86000.00,42320.24
981,1988,16000.00,11023.57
982,1989,45000.00,15458.38
983,1990,65000.00,2331.26
984,1991,20000.00,8008.26
985,1993,38000.00,536.34
986,1997,17000.00,10976.27
987,2000,35000.00,3957.76
988,2003,61000.00,44082.56
989,2004,94000.00,63978.76
990,2009,13000.00,11149.80
991,2010,20000.00,15576.44
992,2012,59000.00,15100.99
993,2013,94000.00,11109.97
994,2016,16000.00,12097.90
995,2017,23000.00,10250.05
996,2021,60000.00,24714.32
997,2024,89000.00,43323.90
998,2026,79000.00,10922.04
999,2033,10000.00,9910.44
1000,2037,11000.00,3228.59
1001,2038,29000.00,13049.87
1002,2040,62000.00,27566.51
1003,2042,85000.00,50019.90
1004,2043,63000.00,44201.74
1005,2045,80000.00,17025.52
1006,2046,61000.00,24450.31
1007,2047,61000.00,58443.46
1008,2049,97000.00,91941.57
1009,2051,77000.00,50644.22
1010,2052,55000.00,15556.27
1011,2053,46000.00,18900.83
1012,2055,56000.00,8540.15
1013,2056,37000.00,34668.86
1014,2057,74000.00,27491.47
1015,2058,55000.00,14877.76
1016,2061,72000.00,57347.42
1017,2062,52000.00,35569.81
1018,2063,41000.00,33714.84
1019,2065,34000.00,33865.82
1020,2066,80000.00,78813.04
1021,2067,8000.00,6560.00
1022,2071,87000.00,10693.36
1023,2072,56000.00,7696.70
1024,2073,71000.00,20535.62
1025,2074,13000.00,1595.08
1026,2075,36000.00,15322.00
1027,2081,13000.00,12034.55
1028,2083,99000.00,87634.42
1029,2087,48000.00,4990.48
1030,2091,22000.00,15598.09
1031,2092,3000.00,2197.29
1032,2094,11000.00,8173.56
1033,2096,55000.00,8244.96
1034,2098,26000.00,364.34
1035,2099,39000.00,18575.59
1036,2102,64000.00,51547.76
1037,2104,78000.00,22642.50
1038,2105,39000.00,30198.22
1039,2106,53000.00,50952.53
1040,2107,15000.00,13018.54
1041,2110,2000.00,1858.30
1042,2113,96000.00,59743.88
1043,2114,92000.00,46984.84
1044,2115,73000.00,10722.01
1045,2117,68000.00,23033.44
1046,2123,60000.00,1287.57
1047,2124,21000.00,19974.91
1048,2129,35000.00,5125.88
1049,2130,8000.00,2429.86
1050,2131,63000.00,54536.52
1051,2132,74000.00,38927.76
1052,2133,26000.00,16396.55
1053,2135,1000.00,820.62
1054,2138,79000.00,36569.43
1055,2140,46000.00,35751.55
1056,2141,96000.00,24988.67
1057,2142,28000.00,26764.67
1058,2143,65000.00,60393.03
1059,2144,48000.00,46443.88
1060,2146,84000.00,34755.90
1061,2148,59000.00,43103.82
1062,2150,97000.00,95548.12
1063,2151,35000.00,3640.24
1064,2153,93000.00,33798.25
1065,2154,85000.00,69341.03
1066,2158,31000.00,6584.06
1067,2159,38000.00,20206.64
1068,2162,84000.00,34469.81
1069,2163,54000.00,9853.91
1070,2164,94000.00,51145.66
1071,2165,66000.00,58668.12
1072,2166,67000.00,40540.20
1073,2170,80000.00,71946.36
1074,2174,98000.00,52161.16
1075,2177,61000.00,3220.23
1076,2178,85000.00,14408.46
1077,2180,45000.00,18413.77
1078,2181,76000.00,47348.17
1079,2183,94000.00,56708.89
1080,2185,92000.00,41264.21
1081,2186,66000.00,16170.67
1082,2188,63000.00,3872.48
1083,2189,9000.00,2262.09
1084,2192,39000.00,21324.73
1085,2193,76000.00,31982.28
1086,2194,42000.00,1437.06
1087,2195,66000.00,15112.40
1088,2196,86000.00,33434.00
1089,2197,11000.00,5035.50
1090,2198,41000.00,28322.30
1091,2201,4000.00,2216.42
1092,2202,53000.00,36592.09
1093,2203,13000.00,3336.65
1094,2205,61000.00,60225.19
1095,2208,75000.00,60699.39
1096,2209,88000.00,39446.54
1097,2211,78000.00,54923.07
1098,2212,64000.00,8360.57
1099,2217,44000.00,26193.08
1100,2218,94000.00,72372.88
1101,2223,10000.00,9949.85
1102,2225,61000.00,17400.38
1103,2227,81000.00,4331.99
1104,2228,47000.00,25571.80
1105,2231,30000.00,16447.47
1106,2233,11000.00,9409.75
1107,2234,39000.00,4329.20
1108,2235,99000.00,95697.57
1109,2236,91000.00,55112.21
1110,2237,44000.00,39447.79
1111,2240,71000.00,25033.02
1112,2241,38000.00,19490.31
1113,2243,16000.00,5498.27
1114,2248,14000.00,8291.45
1115,2249,67000.00,31960.13
1116,2252,45000.00,28775.08
1117,2255,98000.00,58253.74
1118,2256,14000.00,5797.73
1119,2259,64000.00,48762.63
1120,2264,80000.00,75401.23
1121,2265,67000.00,20432.28
1122,2266,45000.00,13832.45
1123,2267,47000.00,17258.25
1124,2268,39000.00,10249.52
1125,2269,18000.00,14693.04
1126,2271,96000.00,61254.53
1127,2274,47000.00,40300.20
1128,2276,27000.00,24415.76
1129,2277,29000.00,9419.59
1130,2280,34000.00,6950.81
1131,2281,27000.00,3047.34
1132,2282,27000.00,13929.27
1133,2283,28000.00,8220.59
1134,2284,89000.00,81183.35
1135,2285,63000.00,4109.82
1136,2287,27000.00,485.17
1137,2288,53000.00,20772.07
1138,2290,65000.00,20141.21
1139,2291,34000.00,13177.98
1140,2298,13000.00,6711.41
1141,2299,79000.00,31945.03
1142,2302,25000.00,17370.55
1143,2306,63000.00,26519.37
1144,2307,100000.00,58859.26
1145,2308,24000.00,1727.17
1146,2313,85000.00,6789.59
1147,2314,43000.00,12398.83
1148,2315,71000.00,35172.13
1149,2316,40000.00,19761.23
1150,2317,2000.00,1220.59
1151,2319,55000.00,29252.35
1152,2320,86000.00,34731.62
1153,2322,42000.00,23045.30
1154,2323,66000.00,15869.60
1155,2324,41000.00,29387.20
1156,2327,39000.00,6634.52
1157,2330,78000.00,60205.21
1158,2332,60000.00,24349.70
1159,2336,29000.00,1975.15
1160,2340,25000.00,19927.55
1161,2343,41000.00,10453.21
1162,2345,86000.00,16831.48
1163,2346,2000.00,557.56
1164,2347,33000.00,17497.99
1165,2352,50000.00,36234.38
1166,2356,93000.00,29331.11
1167,2359,83000.00,14273.99
1168,2360,41000.00,1003.61
1169,2361,51000.00,15635.36
1170,2362,63000.00,233.04
1171,2363,85000.00,42320.65
1172,2364,59000.00,40000.14
1173,2365,83000.00,1048.15
1174,2366,72000.00,32296.98
1175,2369,5000.00,3381.09
1176,2371,29000.00,21634.70
1177,2373,80000.00,10955.44
1178,2374,79000.00,54185.57
1179,2375,46000.00,877.41
1180,2376,33000.00,20500.20
1181,2377,2000.00,111.18
1182,2380,80000.00,56988.52
1183,2386,44000.00,1699.69
1184,2387,45000.00,102.45
1185,2390,9000.00,309.53
1186,2395,71000.00,47477.41
1187,2400,39000.00,31160.13
1188,2402,100000.00,65285.20
1189,2403,74000.00,49762.48
1190,2407,29000.00,24191.90
1191,2408,35000.00,29562.55
1192,2411,32000.00,31645.75
1193,2412,99000.00,14701.95
1194,2415,88000.00,41324.73
1195,2416,58000.00,8445.91
1196,2418,13000.00,2958.64
1197,2419,14000.00,4517.02
1198,2424,68000.00,46501.21
1199,2425,80000.00,49620.14
1200,2426,75000.00,22112.38
1201,2427,43000.00,25145.58
1202,2431,25000.00,442.89
1203,2432,37000.00,6869.09
1204,2433,97000.00,15821.54
1205,2435,31000.00,16691.32
1206,2440,83000.00,40201.03
1207,2443,81000.00,7559.53
1208,2444,13000.00,3745.48
1209,2445,85000.00,55528.76
1210,2446,48000.00,27604.22
1211,2447,6000.00,539.58
1212,2448,44000.00,5309.22
1213,2449,57000.00,27038.90
1214,2451,1000.00,665.74
1215,2453,70000.00,63074.62
1216,2454,48000.00,37767.73
1217,2456,63000.00,11988.75
1218,2463,3000.00,283.13
1219,2464,46000.00,30871.65
1220,2465,73000.00,56615.48
1221,2466,39000.00,8573.29
1222,2467,41000.00,59.78
1223,2469,6000.00,916.91
1224,2471,40000.00,3076.77
1225,2472,64000.00,51174.76
1226,2474,13000.00,4387.23
1227,2475,89000.00,56225.01
1228,2478,1000.00,533.60
1229,2482,91000.00,61789.59
1230,2483,10000.00,5833.92
1231,2484,24000.00,4239.59
1232,2487,34000.00,18594.24
1233,2489,32000.00,14536.13
1234,2492,7000.00,2649.89
1235,2493,87000.00,49216.10
1236,2495,68000.00,53902.64
1237,2497,84000.00,47432.56
1238,2498,20000.00,1531.37
1239,2500,99000.00,26838.25
1240,2504,77000.00,69765.01
1241,2505,44000.00,38177.78
1242,2506,99000.00,75525.24
1243,2508,12000.00,1132.34
1244,2509,33000.00,6397.49
1245,2511,36000.00,31312.58
1246,2515,3000.00,326.12
1247,2517,82000.00,52992.74
1248,2519,76000.00,31547.79
1249,2521,61000.00,58243.27
1250,2522,59000.00,35081.51
1251,2525,54000.00,45071.31
1252,2526,11000.00,7679.54
1253,2527,95000.00,54613.72
1254,2528,75000.00,21974.85
1255,2530,89000.00,2589.92
1256,2534,81000.00,21162.03
1257,2535,33000.00,12737.63
1258,2539,92000.00,46190.90
1259,2540,47000.00,18160.80
1260,2542,35000.00,26561.67
1261,2545,19000.00,13286.19
1262,2547,52000.00,27671.13
1263,2549,22000.00,18189.20
1264,2550,41000.00,31707.82
1265,2554,7000.00,1973.53
1266,2555,76000.00,69303.62
1267,2556,89000.00,26457.15
1268,2557,90000.00,39485.89
1269,2560,97000.00,62366.27
1270,2568,73000.00,24649.51
1271,2570,88000.00,60945.14
1272,2571,98000.00,55601.27
1273,2572,45000.00,32479.15
1274,2573,67000.00,12228.39
1275,2576,86000.00,34943.35
1276,2577,65000.00,569.48
1277,2578,71000.00,9466.66
1278,2579,49000.00,19631.18
1279,2583,81000.00,48934.40
1280,2584,44000.00,33316.31
1281,2590,29000.00,16030.48
1282,2591,41000.00,30456.30
1283,2595,83000.00,1157.81
1284,2601,34000.00,12793.75
1285,2602,62000.00,20569.65
1286,2603,38000.00,747.28
1287,2604,94000.00,45974.77
1288,2605,97000.00,29248.24
1289,2610,53000.00,25907.97
1290,2611,88000.00,14380.60
1291,2612,87000.00,11837.86
1292,2616,96000.00,40114.09
1293,2619,58000.00,30867.15
1294,2621,45000.00,27379.42
1295,2623,55000.00,13390.24
1296,2624,85000.00,78540.59
1297,2626,57000.00,15107.79
1298,2627,25000.00,11039.96
1299,2629,90000.00,42411.60
1300,2632,71000.00,24848.41
1301,2633,30000.00,13846.28
1302,2634,96000.00,11163.22
1303,2635,18000.00,4883.98
1304,2637,11000.00,4609.92
1305,2643,19000.00,2263.75
1306,2644,67000.00,5171.66
1307,2645,92000.00,82787.43
1308,2647,41000.00,11799.52
1309,2648,53000.00,15123.97
1310,2649,93000.00,58632.00
1311,2650,48000.00,39233.19
1312,2652,76000.00,75721.66
1313,2655,85000.00,5870.22
1314,2659,87000.00,3670.71
1315,2661,69000.00,51733.04
1316,2662,81000.00,60003.13
1317,2663,1000.00,486.28
1318,2664,71000.00,10309.48
1319,2665,77000.00,69847.48
1320,2666,8000.00,4614.29
1321,2669,86000.00,23467.00
1322,2672,80000.00,11601.86
1323,2674,47000.00,14191.07
1324,2675,75000.00,49157.33
1325,2676,30000.00,21535.25
1326,2677,37000.00,26060.00
1327,2680,99000.00,81059.80
1328,2681,39000.00,6625.99
1329,2682,25000.00,3445.29
1330,2683,91000.00,66920.36
1331,2686,46000.00,7263.71
1332,2688,22000.00,12446.97
1333,2693,90000.00,78235.31
1334,2695,6000.00,582.95
1335,2696,60000.00,15697.08
1336,2697,51000.00,36063.21
1337,2698,99000.00,17781.36
1338,2699,6000.00,2573.75
1339,2700,38000.00,17610.16
1340,2704,62000.00,54555.04
1341,2705,33000.00,20531.34
1342,2706,1000.00,665.41
1343,2707,61000.00,12702.18
1344,2708,31000.00,26692.48
1345,2709,64000.00,8027.69
1346,2710,97000.00,25678.72
1347,2712,67000.00,909.16
1348,2714,66000.00,40017.20
1349,2716,44000.00,9179.26
1350,2717,10000.00,2644.77
1351,2719,60000.00,12052.80
1352,2720,89000.00,12422.75
1353,2721,76000.00,18591.20
1354,2723,92000.00,91209.29
1355,2724,59000.00,4596.96
1356,2727,100000.00,96557.83
1357,2728,12000.00,11671.43
1358,2732,48000.00,21447.58
1359,2736,38000.00,13529.13
1360,2738,72000.00,64061.60
1361,2739,94000.00,76824.53
1362,2740,11000.00,3288.99
1363,2742,22000.00,16417.14
1364,2743,30000.00,21261.39
1365,2744,68000.00,13991.39
1366,2746,21000.00,12602.59
1367,2748,13000.00,4366.79
1368,2749,68000.00,4637.72
1369,2751,97000.00,46665.64
1370,2753,29000.00,828.95
1371,2754,87000.00,65816.86
1372,2756,79000.00,62892.42
1373,2759,15000.00,416.48
1374,2765,55000.00,35495.99
1375,2766,61000.00,22221.18
1376,2767,93000.00,51706.46
1377,2768,95000.00,5754.15
1378,2769,75000.00,41471.33
1379,2770,12000.00,11341.40
1380,2771,49000.00,35690.33
1381,2772,18000.00,5403.49
1382,2773,2000.00,1953.02
1383,2774,93000.00,30708.67
1384,2776,61000.00,12492.67
1385,2777,89000.00,38628.89
1386,2781,16000.00,3512.24
1387,2782,40000.00,35125.00
1388,2783,62000.00,51646.78
1389,2785,72000.00,67394.22
1390,2789,54000.00,13057.29
1391,2791,52000.00,5157.78
1392,2793,28000.00,24243.93
1393,2794,71000.00,33212.98
1394,2795,34000.00,22675.78
1395,2797,14000.00,3523.74
1396,2798,91000.00,3428.45
1397,2802,98000.00,64521.41
1398,2804,40000.00,9851.79
1399,2807,96000.00,11730.03
1400,2808,35000.00,2748.74
1401,2811,83000.00,75173.08
1402,2812,3000.00,1230.00
1403,2813,46000.00,33359.19
1404,2814,86000.00,9816.61
1405,2815,84000.00,36117.34
1406,2816,17000.00,14352.48
1407,2819,75000.00,56675.53
1408,2821,90000.00,63564.58
1409,2822,33000.00,26407.38
1410,2824,70000.00,46080.55
1411,2825,61000.00,49265.18
1412,2826,48000.00,13243.28
1413,2827,3000.00,190.35
1414,2830,37000.00,7833.08
1415,2832,17000.00,6976.61
1416,2835,95000.00,19216.96
1417,2836,28000.00,20148.22
1418,2837,29000.00,12544.83
1419,2838,17000.00,13303.59
1420,2841,21000.00,1134.71
1421,2843,21000.00,11666.61
1422,2846,16000.00,12505.45
1423,2847,17000.00,2580.43
1424,2849,96000.00,30455.45
1425,2850,27000.00,19842.44
1426,2851,76000.00,8992.43
1427,2852,19000.00,5293.34
1428,2853,56000.00,3324.47
1429,2854,35000.00,24481.80
1430,2856,33000.00,17704.55
1431,2858,50000.00,7479.01
1432,2860,13000.00,2055.74
1433,2862,5000.00,258.37
1434,2869,82000.00,8530.47
1435,2872,84000.00,34861.44
1436,2873,93000.00,18392.60
1437,2874,61000.00,19848.95
1438,2875,5000.00,1829.37
1439,2876,72000.00,67623.65
1440,2878,79000.00,60645.43
1441,2884,34000.00,11942.68
1442,2885,99000.00,93350.54
1443,2887,87000.00,3517.48
1444,2889,9000.00,5458.19
1445,2890,45000.00,34821.24
1446,2892,29000.00,14943.68
1447,2894,21000.00,1479.45
1448,2895,70000.00,43969.77
1449,2896,21000.00,5610.26
1450,2897,48000.00,20558.65
1451,2901,63000.00,36614.35
1452,2902,9000.00,2924.40
1453,2905,91000.00,20716.62
1454,2908,12000.00,8432.28
1455,2910,34000.00,28176.65
1456,2911,58000.00,16277.28
1457,2912,34000.00,11281.78
1458,2913,55000.00,43933.55
1459,2914,32000.00,2974.11
1460,2916,16000.00,5745.68
1461,2917,37000.00,31889.84
1462,2918,34000.00,29657.22
1463,2919,84000.00,55103.96
1464,2920,69000.00,65752.06
1465,2921,48000.00,43189.62
1466,2922,90000.00,71479.20
1467,2930,73000.00,31021.23
1468,2931,97000.00,55482.80
1469,2932,41000.00,30691.67
1470,2934,89000.00,64328.22
1471,2935,72000.00,4175.88
1472,2936,12000.00,3467.15
1473,2939,15000.00,14344.92
1474,2941,86000.00,62502.80
1475,2942,70000.00,37167.49
1476,2944,100000.00,93939.48
1477,2947,38000.00,32827.85
1478,2948,68000.00,32380.85
1479,2949,84000.00,74913.96
1480,2950,30000.00,2017.01
1481,2951,52000.00,31039.35
1482,2953,96000.00,27088.17
1483,2954,9000.00,4996.05
1484,2956,5000.00,2895.98
1485,2957,6000.00,2037.99
1486,2960,77000.00,12870.19
1487,2961,62000.00,35080.08
1488,2962,68000.00,47889.55
1489,2963,21000.00,3846.37
1490,2964,79000.00,8144.50
1491,2965,70000.00,63066.57
1492,2967,66000.00,62547.55
1493,2968,46000.00,2326.63
1494,2971,21000.00,14842.48
1495,2972,95000.00,58362.28
1496,2975,71000.00,45878.98
1497,2976,68000.00,50942.45
1498,2977,60000.00,56614.46
1499,2978,77000.00,27789.15
1500,2980,96000.00,17924.31
1501,2981,26000.00,11320.07
1502,2984,66000.00,19689.10
1503,2986,56000.00,5113.83
1504,2989,90000.00,65797.53
1505,2992,88000.00,20777.13
1506,2993,63000.00,22114.15
1507,2994,10000.00,3545.81
1508,3000,64000.00,1739.92
1509,3002,2000.00,1467.62
1510,3006,8000.00,2288.67
1511,3007,31000.00,800.21
1512,3011,47000.00,537.01
1513,3013,69000.00,51971.41
1514,3017,35000.00,19485.32
1515,3018,91000.00,59982.46
1516,3019,15000.00,13141.74
1517,3021,56000.00,12441.52
1518,3023,13000.00,9920.32
1519,3029,68000.00,13983.79
1520,3030,78000.00,68937.24
1521,3032,69000.00,14176.73
1522,3034,11000.00,721.81
1523,3035,95000.00,78464.38
1524,3037,83000.00,30678.08
1525,3038,27000.00,3533.40
1526,3039,27000.00,3646.55
1527,3040,2000.00,1182.24
1528,3041,44000.00,40483.35
1529,3043,68000.00,42935.11
1530,3044,45000.00,2963.88
1531,3046,89000.00,4278.28
1532,3047,80000.00,40122.73
1533,3048,9000.00,7179.52
1534,3050,43000.00,40288.16
1535,3054,65000.00,30757.81
1536,3056,25000.00,9452.07
1537,3058,60000.00,44369.90
1538,3059,2000.00,1035.34
1539,3063,15000.00,13557.53
1540,3064,59000.00,55286.39
1541,3067,95000.00,3967.87
1542,3071,78000.00,72275.90
1543,3074,63000.00,44408.80
1544,3077,49000.00,48345.17
1545,3079,66000.00,54241.84
1546,3083,49000.00,33513.50
1547,3084,41000.00,14018.18
1548,3086,59000.00,5585.48
1549,3087,79000.00,60290.65
1550,3088,25000.00,7940.54
1551,3089,46000.00,36703.89
1552,3091,61000.00,37753.58
1553,3094,37000.00,6176.05
1554,3097,99000.00,79117.15
1555,3099,15000.00,12310.95
1556,3102,53000.00,19685.56
1557,3103,12000.00,4631.43
1558,3104,68000.00,44274.52
1559,3106,83000.00,2024.44
1560,3113,54000.00,13328.03
1561,3115,10000.00,719.54
1562,3117,28000.00,7220.68
1563,3118,20000.00,3832.29
1564,3121,25000.00,8508.14
1565,3124,96000.00,43484.40
1566,3126,35000.00,12434.22
1567,3129,18000.00,17562.90
1568,3130,84000.00,78782.10
1569,3131,68000.00,13486.30
1570,3133,97000.00,60090.88
1571,3136,60000.00,58889.81
1572,3137,3000.00,857.44
1573,3139,42000.00,32706.29
1574,3140,73000.00,22321.65
1575,3141,28000.00,8463.06
1576,3142,58000.00,30818.33
1577,3148,66000.00,38067.59
1578,3149,91000.00,8145.77
1579,3152,31000.00,25983.92
1580,3156,58000.00,24989.90
1581,3161,22000.00,21430.57
1582,3162,90000.00,13240.09
1583,3163,84000.00,69213.93
1584,3164,78000.00,44843.05
1585,3165,87000.00,32539.71
1586,3167,87000.00,81233.06
1587,3169,19000.00,18533.10
1588,3173,87000.00,24137.42
1589,3174,2000.00,1633.05
1590,3175,70000.00,42073.07
1591,3180,100000.00,38472.68
1592,3181,20000.00,19635.92
1593,3182,58000.00,38480.78
1594,3183,11000.00,9184.42
1595,3185,45000.00,27035.25
1596,3189,18000.00,2508.52
1597,3191,88000.00,23396.22
1598,3192,28000.00,8271.86
1599,3193,26000.00,16047.96
1600,3194,74000.00,35696.28
1601,3197,28000.00,884.71
1602,3199,63000.00,16938.93
1603,3200,13000.00,5852.49
1604,3202,6000.00,1739.40
1605,3203,100000.00,26743.19
1606,3205,64000.00,26112.86
1607,3206,51000.00,28347.10
1608,3210,8000.00,6560.49
1609,3211,96000.00,89255.89
1610,3212,63000.00,29068.62
1611,3214,35000.00,23038.01
1612,3216,14000.00,1751.12
1613,3218,49000.00,7936.02
1614,3219,78000.00,34073.67
1615,3221,10000.00,8693.36
1616,3223,44000.00,20148.37
1617,3224,98000.00,1437.78
1618,3231,75000.00,12779.06
1619,3234,26000.00,4311.20
1620,3235,64000.00,46341.58
1621,3237,48000.00,45697.10
1622,3238,21000.00,18010.45
1623,3240,17000.00,2199.75
1624,3241,41000.00,14999.51
1625,3242,10000.00,2042.83
1626,3248,30000.00,2634.04
1627,3250,23000.00,11805.87
1628,3252,95000.00,17607.77
1629,3253,46000.00,31470.82
1630,3254,66000.00,14053.86
1631,3255,14000.00,11864.43
1632,3256,58000.00,57020.03
1633,3258,1000.00,798.16
1634,3260,53000.00,17303.24
1635,3261,53000.00,4118.99
1636,3264,9000.00,4891.32
1637,3265,100000.00,80056.89
1638,3266,73000.00,39142.38
1639,3267,56000.00,16425.90
1640,3268,72000.00,28737.79
1641,3273,7000.00,3719.11
1642,3274,32000.00,23260.12
1643,3275,74000.00,66527.98
1644,3276,19000.00,17603.23
1645,3277,28000.00,20021.54
1646,3278,93000.00,7173.95
1647,3279,15000.00,5077.68
1648,3283,74000.00,9152.39
1649,3284,100000.00,20504.52
1650,3287,55000.00,32762.63
1651,3288,49000.00,8879.31
1652,3290,11000.00,2072.25
1653,3291,38000.00,37175.95
1654,3296,94000.00,91336.09
1655,3297,8000.00,4782.80
1656,3298,64000.00,30967.81
1657,3299,6000.00,4983.00
1658,3301,47000.00,9575.65
1659,3303,87000.00,5061.20
1660,3305,56000.00,8764.88
1661,3307,36000.00,12919.11
1662,3308,37000.00,11092.73
1663,3311,39000.00,37466.55
1664,3312,98000.00,783.84
1665,3316,89000.00,4693.02
1666,3318,95000.00,24035.52
1667,3320,18000.00,16958.92
1668,3321,82000.00,34693.08
1669,3323,44000.00,32699.72
1670,3324,14000.00,9780.89
1671,3325,61000.00,54695.53
1672,3327,35000.00,25060.46
1673,3331,98000.00,7731.76
1674,3333,57000.00,27144.75
1675,3334,10000.00,4902.83
1676,3336,32000.00,20005.86
1677,3339,34000.00,10014.21
1678,3340,6000.00,3940.80
1679,3343,62000.00,4489.85
1680,3346,7000.00,3398.51
1681,3348,83000.00,63806.06
1682,3351,20000.00,3655.51
1683,3352,68000.00,12079.33
1684,3354,59000.00,7963.65
1685,3356,90000.00,33325.13
1686,3357,50000.00,5608.84
1687,3358,69000.00,58473.32
1688,3361,34000.00,27879.78
1689,3363,65000.00,20274.74
1690,3364,86000.00,52549.23
1691,3365,98000.00,8742.67
1692,3366,50000.00,23792.52
1693,3368,31000.00,15606.49
1694,3371,45000.00,22593.57
1695,3372,71000.00,44222.14
1696,3374,30000.00,1991.28
1697,3375,41000.00,27732.93
1698,3376,43000.00,825.18
1699,3377,83000.00,10322.41
1700,3380,91000.00,28953.98
1701,3387,96000.00,34139.67
1702,3392,45000.00,12148.54
1703,3393,5000.00,3831.27
1704,3394,57000.00,22425.21
1705,3396,72000.00,67159.12
1706,3398,10000.00,7003.29
1707,3399,46000.00,32222.90
1708,3400,14000.00,7152.40
1709,3401,71000.00,53397.59
1710,3402,60000.00,38595.28
1711,3403,93000.00,80726.18
1712,3405,11000.00,3597.08
1713,3408,36000.00,33274.04
1714,3411,17000.00,7214.71
1715,3413,100000.00,69479.52
1716,3414,49000.00,7969.84
1717,3416,43000.00,28116.58
1718,3417,91000.00,77201.32
1719,3418,82000.00,32451.00
1720,3420,67000.00,18363.64
1721,3422,20000.00,15421.88
1722,3423,11000.00,10085.35
1723,3424,9000.00,6940.98
1724,3426,56000.00,52548.74
1725,3430,76000.00,29975.58
1726,3432,86000.00,60528.38
1727,3433,28000.00,312.26
1728,3434,12000.00,649.64
1729,3435,11000.00,2963.67
1730,3436,14000.00,5175.27
1731,3437,99000.00,45267.58
1732,3438,84000.00,37629.74
1733,3440,70000.00,11024.70
1734,3441,51000.00,11680.80
1735,3442,37000.00,34175.76
1736,3443,73000.00,13465.72
1737,3445,65000.00,24867.44
1738,3448,54000.00,49322.91
1739,3451,50000.00,48007.45
1740,3452,40000.00,35360.50
1741,3453,49000.00,21718.08
1742,3454,17000.00,11814.55
1743,3455,62000.00,1580.25
1744,3457,45000.00,13507.66
1745,3460,30000.00,24993.13
1746,3462,9000.00,5898.68
1747,3463,70000.00,62793.99
1748,3464,13000.00,10027.71
1749,3465,35000.00,22114.52
1750,3466,91000.00,88495.72
1751,3469,19000.00,5545.63
1752,3470,25000.00,3070.78
1753,3473,2000.00,827.89
1754,3476,76000.00,8318.27
1755,3479,91000.00,18859.05
1756,3480,3000.00,2551.19
1757,3482,93000.00,48383.02
1758,3483,59000.00,51156.47
1759,3485,71000.00,57272.77
1760,3487,49000.00,27432.33
1761,3491,4000.00,3591.24
1762,3492,53000.00,46574.83
1763,3493,39000.00,38695.30
1764,3494,70000.00,17554.90
1765,3496,62000.00,24070.69
1766,3498,58000.00,9559.34
1767,3499,57000.00,50788.59
1768,3501,28000.00,19732.06
1769,3506,58000.00,50707.17
1770,3507,2000.00,561.00
1771,3509,81000.00,18451.55
1772,3512,82000.00,50722.64
1773,3513,4000.00,13.17
1774,3518,63000.00,34318.34
1775,3522,88000.00,84228.68
1776,3523,61000.00,12934.03
1777,3525,92000.00,15333.71
1778,3528,25000.00,8831.18
1779,3530,80000.00,21018.90
1780,3534,83000.00,77450.11
1781,3535,95000.00,52090.33
1782,3537,22000.00,13227.57
1783,3539,50000.00,24374.99
1784,3543,43000.00,1635.08
1785,3546,67000.00,22148.49
1786,3548,45000.00,34024.55
1787,3551,7000.00,2924.47
1788,3552,20000.00,9214.64
1789,3554,74000.00,20296.31
1790,3555,30000.00,9197.14
1791,3557,45000.00,19684.84
1792,3558,19000.00,14823.02
1793,3561,81000.00,21782.80
1794,3562,21000.00,3408.97
1795,3563,35000.00,16210.08
1796,3564,36000.00,13553.62
1797,3565,85000.00,36535.61
1798,3566,72000.00,13220.13
1799,3567,6000.00,2892.22
1800,3568,21000.00,10925.87
1801,3569,11000.00,10307.53
1802,3570,7000.00,3445.61
1803,3572,90000.00,13851.01
1804,3574,85000.00,74924.60
1805,3575,65000.00,23234.26
1806,3577,74000.00,58484.35
1807,3578,12000.00,11494.46
1808,3583,33000.00,6783.80
1809,3586,55000.00,29143.93
1810,3587,82000.00,10873.74
1811,3591,20000.00,8253.31
1812,3592,16000.00,10802.17
1813,3593,66000.00,36567.92
1814,3596,100000.00,92652.71
1815,3597,55000.00,24709.70
1816,3600,62000.00,14623.76
1817,3602,84000.00,11526.74
1818,3604,57000.00,54002.89
1819,3607,76000.00,53150.56
1820,3611,20000.00,5.11
1821,3612,96000.00,86775.28
1822,3615,72000.00,58427.90
1823,3616,57000.00,55081.10
1824,3618,51000.00,2936.92
1825,3619,98000.00,51620.61
1826,3623,14000.00,4879.81
1827,3624,22000.00,7662.52
1828,3625,70000.00,42460.96
1829,3626,47000.00,5399.39
1830,3628,20000.00,2665.97
1831,3629,90000.00,58817.03
1832,3630,72000.00,12787.05
1833,3632,55000.00,47849.99
1834,3633,93000.00,23853.55
1835,3634,39000.00,2817.17
1836,3636,61000.00,28216.15
1837,3637,87000.00,36786.21
1838,3642,79000.00,25610.39
1839,3643,93000.00,3661.91
1840,3645,35000.00,3667.27
1841,3649,31000.00,27455.97
1842,3651,71000.00,23545.11
1843,3653,24000.00,13495.06
1844,3655,13000.00,12619.60
1845,3656,15000.00,8072.89
1846,3658,90000.00,49247.40
1847,3660,22000.00,13215.34
1848,3661,37000.00,33025.53
1849,3663,45000.00,5409.26
1850,3664,10000.00,9571.76
1851,3665,53000.00,25969.32
1852,3667,7000.00,6692.09
1853,3668,9000.00,5822.22
1854,3672,9000.00,3761.26
1855,3673,4000.00,2118.33
1856,3674,45000.00,18886.93
1857,3678,35000.00,22652.46
1858,3680,29000.00,6204.42
1859,3681,68000.00,23287.99
1860,3684,24000.00,10261.78
1861,3685,82000.00,454.34
1862,3686,96000.00,60692.65
1863,3687,66000.00,18538.22
1864,3692,73000.00,26207.86
1865,3693,83000.00,53364.50
1866,3694,43000.00,12188.17
1867,3696,19000.00,9418.29
1868,3700,19000.00,17623.75
1869,3701,37000.00,27838.41
1870,3702,10000.00,2765.70
1871,3703,23000.00,18109.97
1872,3705,53000.00,4157.53
1873,3706,39000.00,18509.43
1874,3707,26000.00,23399.36
1875,3710,88000.00,33143.42
1876,3711,79000.00,73388.13
1877,3713,31000.00,2893.50
1878,3715,65000.00,638.80
1879,3716,7000.00,3132.29
1880,3717,18000.00,5871.49
1881,3718,57000.00,54887.64
1882,3719,83000.00,13460.95
1883,3720,43000.00,36387.02
1884,3721,31000.00,16772.22
1885,3724,51000.00,38541.74
1886,3726,91000.00,89598.65
1887,3727,17000.00,3265.07
1888,3728,86000.00,27473.13
1889,3732,14000.00,4527.42
1890,3735,98000.00,6455.93
1891,3739,17000.00,6208.69
1892,3741,58000.00,10207.43
1893,3744,100000.00,59895.27
1894,3746,99000.00,6475.17
1895,3747,78000.00,69595.82
1896,3748,16000.00,6291.56
1897,3750,34000.00,25005.88
1898,3753,47000.00,20317.24
1899,3755,4000.00,3969.74
1900,3756,20000.00,3571.00
1901,3763,52000.00,25458.48
1902,3765,77000.00,35737.23
1903,3766,96000.00,35222.40
1904,3768,77000.00,64198.58
1905,3771,97000.00,72671.90
1906,3772,79000.00,20665.49
1907,3774,86000.00,50975.44
1908,3776,31000.00,12698.86
1909,3777,13000.00,12954.58
1910,3778,6000.00,5010.81
1911,3780,37000.00,25450.85
1912,3781,18000.00,15335.73
1913,3782,68000.00,30788.82
1914,3783,15000.00,14259.08
1915,3784,24000.00,14741.86
1916,3785,75000.00,6146.74
1917,3787,71000.00,39006.81
1918,3788,53000.00,4677.56
1919,3792,75000.00,32322.14
1920,3793,50000.00,22956.71
1921,3799,9000.00,4900.29
1922,3800,71000.00,27061.18
1923,3801,69000.00,25771.84
1924,3804,63000.00,29432.15
1925,3806,29000.00,21650.87
1926,3808,14000.00,11908.59
1927,3810,87000.00,10791.94
1928,3811,97000.00,91577.18
1929,3812,90000.00,51000.35
1930,3817,73000.00,6391.70
1931,3820,54000.00,11298.88
1932,3824,63000.00,30750.62
1933,3825,45000.00,523.28
1934,3826,49000.00,25446.86
1935,3831,62000.00,29720.91
1936,3833,35000.00,31496.58
1937,3834,8000.00,2658.75
1938,3837,31000.00,1257.74
1939,3838,4000.00,3448.48
1940,3840,2000.00,908.40
1941,3841,75000.00,63884.79
1942,3843,8000.00,3944.21
1943,3844,57000.00,22171.24
1944,3846,78000.00,26165.96
1945,3849,30000.00,18273.64
1946,3850,38000.00,33655.69
1947,3853,55000.00,36348.91
1948,3854,82000.00,56785.30
1949,3860,58000.00,9596.55
1950,3862,72000.00,67127.22
1951,3866,52000.00,19399.28
1952,3867,34000.00,18100.25
1953,3868,7000.00,411.67
1954,3871,1000.00,758.01
1955,3872,12000.00,2394.65
1956,3874,35000.00,21712.59
1957,3875,81000.00,5955.07
1958,3876,41000.00,6521.63
1959,3878,98000.00,45840.37
1960,3881,66000.00,36881.19
1961,3884,5000.00,4906.25
1962,3891,4000.00,2788.11
1963,3892,10000.00,5150.90
1964,3895,71000.00,18595.80
1965,3899,31000.00,30727.27
1966,3901,57000.00,45501.23
1967,3905,49000.00,8694.14
1968,3907,99000.00,22298.65
1969,3908,20000.00,9720.30
1970,3909,37000.00,17251.71
1971,3910,12000.00,6073.13
1972,3911,76000.00,29654.96
1973,3913,61000.00,34756.24
1974,3915,64000.00,48619.54
1975,3916,29000.00,9279.99
1976,3918,90000.00,63876.43
1977,3921,90000.00,82452.70
1978,3923,78000.00,70952.25
1979,3924,83000.00,49082.46
1980,3925,30000.00,16623.88
1981,3927,45000.00,20192.46
1982,3930,56000.00,21736.31
1983,3931,31000.00,14710.95
1984,3934,50000.00,2745.73
1985,3936,21000.00,20501.12
1986,3937,49000.00,21262.30
1987,3940,34000.00,18364.15
1988,3941,52000.00,13395.86
1989,3948,81000.00,6782.97
1990,3949,89000.00,69014.39
1991,3950,72000.00,14039.31
1992,3953,20000.00,10470.98
1993,3956,39000.00,24024.38
1994,3957,35000.00,14451.35
1995,3958,8000.00,6261.55
1996,3959,63000.00,55615.98
1997,3960,51000.00,21065.52
1998,3961,69000.00,27945.77
1999,3963,63000.00,35203.45
2000,3964,82000.00,65938.63
2001,3965,8000.00,2561.31
2002,3966,48000.00,12259.68
2003,3969,9000.00,6371.95
2004,3970,4000.00,3774.09
2005,3971,77000.00,53679.55
2007,3974,89000.00,18334.45
2008,3975,15000.00,12836.49
2009,3976,24000.00,11762.64
2010,3977,30000.00,7987.14
2011,3978,66000.00,10432.08
2012,3979,45000.00,8857.75
2013,3980,87000.00,27578.59
2014,3981,95000.00,41186.07
2015,3982,90000.00,1664.83
2016,3983,51000.00,7927.70
2017,3984,71000.00,33897.88
2018,3985,91000.00,75980.23
2019,3986,17000.00,7702.08
2020,3987,17000.00,4816.54
2021,3988,74000.00,60055.40
2022,3989,56000.00,25116.34
2023,3990,33000.00,20494.70
2024,3991,56000.00,7214.67
2025,3992,11000.00,2209.88
2026,3993,43000.00,26836.19
2027,3994,68000.00,65058.92
2028,3995,88000.00,64436.45
2029,3996,7000.00,840.88
2030,3997,72000.00,55129.59
2031,3998,32000.00,31532.95
2032,3999,100000.00,14015.42
2033,4000,97000.00,93083.17
2034,4001,43000.00,7974.89
2035,4002,72000.00,36446.39
2036,4003,72000.00,8357.81
2037,4004,17000.00,5287.73
2038,4005,99000.00,23246.02
2039,4006,43000.00,6505.71
2040,4007,92000.00,24857.76
2041,4008,41000.00,22313.53
2042,4009,11000.00,8289.89
2043,4010,71000.00,41035.89
2044,4011,42000.00,14242.03
2045,4012,51000.00,10774.74
2046,4013,76000.00,70006.58
2047,4014,21000.00,18652.50
2048,4015,42000.00,17611.36
2049,4016,6000.00,1201.05
2050,4017,55000.00,54907.33
2051,4018,23000.00,2151.96
2052,4019,79000.00,64100.31
2053,4020,74000.00,4197.69
2054,4021,3000.00,1944.62
2055,4022,83000.00,69018.15
2056,4023,69000.00,28822.04
2057,4024,46000.00,35346.98
