id,cardID,balance
1,2,14000.00
2,3,16000.00
3,4,37000.00
4,5,59000.00
5,6,22000.00
6,9,77000.00
7,11,64000.00
8,14,16000.00
9,16,28000.00
10,18,95000.00
11,19,17000.00
12,21,33000.00
13,22,72000.00
14,23,48000.00
15,24,1000.00
16,27,6000.00
17,30,91000.00
18,32,40000.00
19,33,8000.00
20,38,72000.00
21,39,15000.00
22,45,24000.00
23,47,37000.00
24,48,56000.00
25,49,47000.00
26,50,46000.00
27,51,78000.00
28,52,54000.00
29,55,91000.00
30,56,5000.00
31,58,42000.00
32,59,96000.00
33,60,5000.00
34,63,41000.00
35,64,9000.00
36,66,63000.00
37,67,87000.00
38,69,37000.00
39,71,30000.00
40,73,34000.00
41,74,4000.00
42,75,2000.00
43,79,83000.00
44,81,94000.00
45,82,92000.00
46,83,100000.00
47,85,59000.00
48,89,40000.00
49,92,30000.00
50,94,95000.00
51,95,59000.00
52,96,20000.00
53,98,53000.00
54,99,82000.00
55,103,33000.00
56,104,97000.00
57,107,35000.00
58,109,92000.00
59,111,98000.00
60,112,49000.00
61,117,26000.00
62,118,76000.00
63,119,32000.00
64,120,47000.00
65,122,62000.00
66,126,70000.00
67,127,5000.00
68,129,52000.00
69,130,52000.00
70,131,54000.00
71,134,77000.00
72,137,8000.00
73,138,38000.00
74,144,8000.00
75,145,70000.00
76,147,100000.00
77,148,46000.00
78,150,51000.00
79,151,83000.00
80,152,99000.00
81,154,82000.00
82,155,73000.00
83,160,30000.00
84,163,73000.00
85,165,22000.00
86,166,20000.00
87,167,20000.00
88,168,13000.00
89,170,47000.00
90,171,9000.00
91,173,42000.00
92,174,49000.00
93,175,45000.00
94,176,99000.00
95,179,58000.00
96,181,17000.00
97,183,57000.00
98,186,81000.00
99,187,35000.00
100,188,47000.00
101,194,88000.00
102,195,44000.00
103,196,73000.00
104,198,20000.00
105,200,90000.00
106,201,64000.00
107,202,97000.00
108,207,55000.00
109,208,80000.00
110,210,28000.00
111,212,78000.00
112,220,25000.00
113,221,28000.00
114,223,76000.00
115,226,35000.00
116,229,36000.00
117,230,41000.00
118,232,16000.00
119,235,78000.00
120,242,29000.00
121,245,11000.00
122,247,32000.00
123,248,96000.00
124,251,99000.00
125,252,33000.00
126,259,41000.00
127,260,85000.00
128,261,55000.00
129,264,7000.00
130,266,97000.00
131,271,20000.00
132,278,93000.00
133,279,31000.00
134,281,65000.00
135,282,1000.00
136,284,38000.00
137,287,26000.00
138,288,93000.00
139,289,37000.00
140,291,94000.00
141,295,22000.00
142,296,82000.00
143,297,34000.00
144,298,3000.00
145,301,69000.00
146,302,39000.00
147,304,47000.00
148,305,93000.00
149,306,15000.00
150,308,47000.00
151,309,87000.00
152,310,86000.00
153,311,19000.00
154,314,68000.00
155,315,36000.00
156,316,72000.00
157,317,37000.00
158,319,16000.00
159,320,36000.00
160,321,5000.00
161,327,24000.00
162,331,54000.00
163,334,72000.00
164,335,46000.00
165,337,37000.00
166,338,81000.00
167,339,88000.00
168,341,35000.00
169,342,17000.00
170,343,38000.00
171,344,59000.00
172,346,12000.00
173,348,55000.00
174,352,31000.00
175,353,33000.00
176,354,21000.00
177,355,62000.00
178,360,33000.00
179,362,78000.00
180,368,54000.00
181,372,65000.00
182,374,71000.00
183,376,89000.00
184,377,60000.00
185,381,97000.00
186,382,53000.00
187,383,78000.00
188,385,49000.00
189,386,36000.00
190,389,34000.00
191,390,7000.00
192,391,3000.00
193,392,65000.00
194,393,25000.00
195,394,77000.00
196,397,32000.00
197,399,9000.00
198,400,48000.00
199,401,38000.00
200,404,53000.00
201,405,2000.00
202,406,39000.00
203,409,7000.00
204,410,6000.00
205,411,80000.00
206,412,47000.00
207,413,11000.00
208,416,28000.00
209,417,31000.00
210,418,37000.00
211,419,61000.00
212,420,17000.00
213,422,18000.00
214,423,31000.00
215,426,8000.00
216,427,11000.00
217,428,23000.00
218,430,69000.00
219,432,26000.00
220,433,23000.00
221,435,11000.00
222,436,52000.00
223,437,50000.00
224,439,6000.00
225,440,11000.00
226,441,9000.00
227,447,35000.00
228,449,58000.00
229,450,92000.00
230,451,88000.00
231,452,16000.00
232,456,47000.00
233,457,99000.00
234,458,33000.00
235,459,57000.00
236,460,92000.00
237,462,100000.00
238,463,50000.00
239,466,68000.00
240,467,81000.00
241,468,66000.00
242,473,66000.00
243,474,70000.00
244,477,61000.00
245,482,70000.00
246,484,71000.00
247,485,85000.00
248,488,18000.00
249,489,88000.00
250,490,59000.00
251,491,55000.00
252,492,81000.00
253,494,54000.00
254,495,16000.00
255,500,18000.00
256,501,67000.00
257,504,28000.00
258,505,43000.00
259,506,50000.00
260,507,7000.00
261,508,2000.00
262,509,62000.00
263,510,34000.00
264,512,35000.00
265,513,4000.00
266,515,100000.00
267,519,7000.00
268,521,67000.00
269,523,30000.00
270,524,48000.00
271,526,63000.00
272,532,97000.00
273,533,98000.00
274,535,67000.00
275,536,37000.00
276,538,75000.00
277,541,74000.00
278,542,87000.00
279,546,25000.00
280,552,54000.00
281,553,59000.00
282,554,39000.00
283,555,58000.00
284,557,42000.00
285,560,37000.00
286,561,97000.00
287,563,98000.00
288,564,71000.00
289,565,60000.00
290,575,67000.00
291,576,20000.00
292,578,69000.00
293,580,36000.00
294,581,49000.00
295,582,58000.00
296,583,56000.00
297,584,1000.00
298,586,89000.00
299,588,28000.00
300,589,58000.00
301,592,35000.00
302,594,44000.00
303,595,26000.00
304,597,76000.00
305,599,70000.00
306,600,5000.00
307,602,86000.00
308,603,75000.00
309,604,21000.00
310,608,17000.00
311,609,43000.00
312,612,22000.00
313,613,66000.00
314,617,71000.00
315,618,45000.00
316,621,9000.00
317,622,6000.00
318,624,90000.00
319,626,23000.00
320,630,1000.00
321,631,11000.00
322,637,3000.00
323,638,20000.00
324,640,39000.00
325,641,72000.00
326,642,16000.00
327,643,56000.00
328,644,100000.00
329,645,41000.00
330,646,35000.00
331,647,89000.00
332,648,61000.00
333,650,18000.00
334,651,11000.00
335,653,59000.00
336,654,90000.00
337,656,21000.00
338,657,40000.00
339,658,16000.00
340,659,80000.00
341,660,11000.00
342,661,60000.00
343,663,66000.00
344,668,31000.00
345,669,60000.00
346,672,27000.00
347,673,45000.00
348,678,73000.00
349,679,60000.00
350,680,24000.00
351,682,75000.00
352,683,78000.00
353,692,74000.00
354,694,95000.00
355,695,42000.00
356,701,69000.00
357,702,70000.00
358,703,38000.00
359,706,71000.00
360,708,78000.00
361,709,12000.00
362,710,6000.00
363,719,33000.00
364,722,11000.00
365,723,51000.00
366,725,48000.00
367,726,52000.00
368,728,85000.00
369,731,99000.00
370,732,60000.00
371,733,10000.00
372,739,20000.00
373,740,42000.00
374,742,9000.00
375,743,91000.00
376,746,4000.00
377,747,42000.00
378,751,16000.00
379,753,24000.00
380,754,12000.00
381,755,84000.00
382,757,53000.00
383,758,93000.00
384,760,81000.00
385,762,92000.00
386,763,24000.00
387,764,62000.00
388,767,87000.00
389,771,58000.00
390,775,16000.00
391,777,79000.00
392,779,45000.00
393,780,49000.00
394,783,41000.00
395,785,8000.00
396,791,42000.00
397,792,74000.00
398,793,76000.00
399,795,18000.00
400,797,7000.00
401,800,91000.00
402,804,89000.00
403,806,39000.00
404,807,18000.00
405,808,95000.00
406,809,77000.00
407,810,87000.00
408,812,31000.00
409,815,68000.00
410,816,35000.00
411,817,68000.00
412,818,80000.00
413,820,28000.00
414,821,79000.00
415,822,29000.00
416,825,28000.00
417,827,68000.00
418,828,52000.00
419,829,31000.00
420,830,74000.00
421,832,71000.00
422,834,10000.00
423,836,37000.00
424,837,28000.00
425,841,48000.00
426,846,8000.00
427,850,3000.00
428,852,80000.00
429,853,40000.00
430,854,79000.00
431,857,52000.00
432,859,23000.00
433,861,80000.00
434,865,16000.00
435,868,66000.00
436,869,16000.00
437,870,86000.00
438,871,21000.00
439,872,56000.00
440,873,65000.00
441,875,81000.00
442,877,65000.00
443,878,14000.00
444,879,90000.00
445,882,74000.00
446,883,84000.00
447,884,34000.00
448,888,81000.00
449,889,86000.00
450,892,8000.00
451,894,64000.00
452,898,84000.00
453,899,74000.00
454,900,26000.00
455,901,52000.00
456,902,26000.00
457,903,63000.00
458,904,88000.00
459,911,73000.00
460,913,88000.00
461,914,82000.00
462,917,88000.00
463,920,39000.00
464,921,94000.00
465,922,41000.00
466,923,20000.00
467,927,78000.00
468,928,82000.00
469,931,50000.00
470,935,8000.00
471,936,80000.00
472,938,33000.00
473,939,30000.00
474,941,57000.00
475,946,63000.00
476,948,44000.00
477,949,78000.00
478,950,91000.00
479,955,61000.00
480,956,56000.00
481,959,39000.00
482,960,28000.00
483,962,84000.00
484,963,65000.00
485,964,53000.00
486,965,90000.00
487,966,11000.00
488,967,100000.00
489,968,22000.00
490,969,21000.00
491,974,8000.00
492,975,54000.00
493,977,21000.00
494,978,54000.00
495,981,6000.00
496,984,30000.00
497,987,52000.00
498,990,16000.00
499,993,96000.00
500,995,72000.00
501,998,75000.00
502,1000,83000.00
503,1002,6000.00
504,1004,12000.00
505,1007,58000.00
506,1008,81000.00
507,1009,51000.00
508,1010,73000.00
509,1012,76000.00
510,1015,94000.00
511,1016,46000.00
512,1018,71000.00
513,1022,78000.00
514,1023,33000.00
515,1024,23000.00
516,1026,69000.00
517,1029,96000.00
518,1031,46000.00
519,1033,8000.00
520,1034,23000.00
521,1036,6000.00
522,1037,75000.00
523,1043,98000.00
524,1044,60000.00
525,1047,70000.00
526,1051,33000.00
527,1054,57000.00
528,1055,12000.00
529,1056,80000.00
530,1057,63000.00
531,1058,33000.00
532,1059,35000.00
533,1061,19000.00
534,1062,90000.00
535,1063,54000.00
536,1066,46000.00
537,1067,41000.00
538,1069,9000.00
539,1071,89000.00
540,1073,18000.00
541,1074,10000.00
542,1076,7000.00
543,1077,93000.00
544,1078,86000.00
545,1083,27000.00
546,1084,74000.00
547,1085,21000.00
548,1086,84000.00
549,1087,14000.00
550,1090,84000.00
551,1092,34000.00
552,1093,85000.00
553,1095,55000.00
554,1096,37000.00
555,1097,68000.00
556,1099,83000.00
557,1100,60000.00
558,1108,24000.00
559,1112,6000.00
560,1114,69000.00
561,1118,75000.00
562,1119,34000.00
563,1120,3000.00
564,1122,54000.00
565,1123,54000.00
566,1126,12000.00
567,1129,63000.00
568,1130,9000.00
569,1131,58000.00
570,1132,58000.00
571,1133,32000.00
572,1136,15000.00
573,1137,49000.00
574,1141,57000.00
575,1142,56000.00
576,1143,82000.00
577,1144,19000.00
578,1145,67000.00
579,1146,20000.00
580,1147,7000.00
581,1148,76000.00
582,1149,79000.00
583,1150,41000.00
584,1154,2000.00
585,1155,56000.00
586,1158,6000.00
587,1159,68000.00
588,1164,37000.00
589,1165,63000.00
590,1167,20000.00
591,1168,89000.00
592,1169,32000.00
593,1170,2000.00
594,1171,84000.00
595,1172,28000.00
596,1173,79000.00
597,1175,39000.00
598,1180,1000.00
599,1181,12000.00
600,1184,40000.00
601,1186,87000.00
602,1188,95000.00
603,1189,91000.00
604,1190,46000.00
605,1191,83000.00
606,1192,82000.00
607,1196,54000.00
608,1200,64000.00
609,1202,56000.00
610,1205,11000.00
611,1207,94000.00
612,1210,52000.00
613,1211,9000.00
614,1212,74000.00
615,1213,30000.00
616,1214,81000.00
617,1215,77000.00
618,1220,40000.00
619,1223,66000.00
620,1224,26000.00
621,1227,66000.00
622,1228,86000.00
623,1231,69000.00
624,1234,9000.00
625,1235,67000.00
626,1236,15000.00
627,1239,68000.00
628,1241,75000.00
629,1242,13000.00
630,1245,55000.00
631,1246,42000.00
632,1249,45000.00
633,1257,17000.00
634,1259,47000.00
635,1260,44000.00
636,1263,43000.00
637,1265,59000.00
638,1267,49000.00
639,1269,33000.00
640,1275,73000.00
641,1277,92000.00
642,1278,25000.00
643,1280,80000.00
644,1281,60000.00
645,1285,46000.00
646,1288,42000.00
647,1289,62000.00
648,1292,16000.00
649,1293,23000.00
650,1295,37000.00
651,1296,69000.00
652,1298,19000.00
653,1301,43000.00
654,1302,49000.00
655,1303,14000.00
656,1307,25000.00
657,1309,54000.00
658,1310,3000.00
659,1311,9000.00
660,1314,63000.00
661,1315,8000.00
662,1322,67000.00
663,1323,6000.00
664,1327,29000.00
665,1328,11000.00
666,1329,51000.00
667,1330,63000.00
668,1331,68000.00
669,1332,34000.00
670,1333,49000.00
671,1338,24000.00
672,1339,22000.00
673,1341,13000.00
674,1342,97000.00
675,1343,32000.00
676,1346,72000.00
677,1350,99000.00
678,1352,42000.00
679,1353,80000.00
680,1354,20000.00
681,1357,92000.00
682,1358,76000.00
683,1360,41000.00
684,1361,23000.00
685,1365,93000.00
686,1370,94000.00
687,1373,20000.00
688,1374,99000.00
689,1382,49000.00
690,1383,77000.00
691,1384,40000.00
692,1385,49000.00
693,1389,87000.00
694,1390,75000.00
695,1391,24000.00
696,1392,21000.00
697,1393,72000.00
698,1398,66000.00
699,1399,97000.00
700,1401,46000.00
701,1402,10000.00
702,1403,3000.00
703,1404,94000.00
704,1408,78000.00
705,1411,97000.00
706,1413,2000.00
707,1414,87000.00
708,1415,25000.00
709,1417,17000.00
710,1418,66000.00
711,1419,46000.00
712,1420,90000.00
713,1422,64000.00
714,1424,31000.00
715,1425,41000.00
716,1429,90000.00
717,1430,46000.00
718,1431,10000.00
719,1434,77000.00
720,1438,4000.00
721,1439,95000.00
722,1442,34000.00
723,1443,92000.00
724,1444,54000.00
725,1445,100000.00
726,1446,48000.00
727,1447,62000.00
728,1448,87000.00
729,1449,90000.00
730,1450,63000.00
731,1453,61000.00
732,1455,10000.00
733,1456,67000.00
734,1459,55000.00
735,1463,38000.00
736,1464,67000.00
737,1465,12000.00
738,1466,83000.00
739,1468,99000.00
740,1469,35000.00
741,1470,8000.00
742,1472,65000.00
743,1476,43000.00
744,1479,6000.00
745,1484,1000.00
746,1488,39000.00
747,1495,77000.00
748,1496,47000.00
749,1498,87000.00
750,1502,92000.00
751,1505,90000.00
752,1506,27000.00
753,1507,69000.00
754,1509,37000.00
755,1511,40000.00
756,1512,37000.00
757,1514,52000.00
758,1517,5000.00
759,1519,7000.00
760,1522,51000.00
761,1523,94000.00
762,1524,100000.00
763,1525,91000.00
764,1526,89000.00
765,1528,48000.00
766,1529,99000.00
767,1535,56000.00
768,1537,27000.00
769,1539,64000.00
770,1540,21000.00
771,1541,53000.00
772,1544,59000.00
773,1546,89000.00
774,1547,42000.00
775,1550,18000.00
776,1551,73000.00
777,1552,24000.00
778,1555,50000.00
779,1556,84000.00
780,1557,86000.00
781,1559,79000.00
782,1561,11000.00
783,1562,81000.00
784,1563,11000.00
785,1565,43000.00
786,1566,55000.00
787,1567,61000.00
788,1569,65000.00
789,1572,83000.00
790,1573,16000.00
791,1574,51000.00
792,1575,46000.00
793,1576,59000.00
794,1577,23000.00
795,1581,71000.00
796,1584,89000.00
797,1587,32000.00
798,1588,12000.00
799,1589,53000.00
800,1590,94000.00
801,1591,61000.00
802,1592,55000.00
803,1593,73000.00
804,1594,9000.00
805,1595,9000.00
806,1596,98000.00
807,1597,22000.00
808,1599,45000.00
809,1601,14000.00
810,1604,62000.00
811,1606,40000.00
812,1609,8000.00
813,1610,94000.00
814,1611,6000.00
815,1612,71000.00
816,1614,39000.00
817,1616,83000.00
818,1618,31000.00
819,1619,99000.00
820,1621,44000.00
821,1623,76000.00
822,1627,2000.00
823,1631,71000.00
824,1635,49000.00
825,1636,9000.00
826,1637,87000.00
827,1639,79000.00
828,1646,74000.00
829,1648,96000.00
830,1650,21000.00
831,1654,34000.00
832,1655,43000.00
833,1656,11000.00
834,1657,26000.00
835,1662,67000.00
836,1664,9000.00
837,1667,12000.00
838,1668,71000.00
839,1673,10000.00
840,1675,47000.00
841,1676,35000.00
842,1677,62000.00
843,1678,37000.00
844,1680,4000.00
845,1681,1000.00
846,1684,45000.00
847,1687,8000.00
848,1688,37000.00
849,1691,2000.00
850,1693,52000.00
851,1695,21000.00
852,1696,4000.00
853,1697,31000.00
854,1698,77000.00
855,1701,12000.00
856,1702,82000.00
857,1703,80000.00
858,1705,65000.00
859,1708,76000.00
860,1709,80000.00
861,1710,42000.00
862,1712,37000.00
863,1714,18000.00
864,1716,19000.00
865,1717,75000.00
866,1720,45000.00
867,1727,87000.00
868,1728,72000.00
869,1729,30000.00
870,1730,72000.00
871,1731,4000.00
872,1733,81000.00
873,1735,58000.00
874,1741,1000.00
875,1743,39000.00
876,1745,46000.00
877,1746,23000.00
878,1749,84000.00
879,1753,68000.00
880,1756,23000.00
881,1758,27000.00
882,1759,93000.00
883,1760,24000.00
884,1762,90000.00
885,1765,53000.00
886,1766,43000.00
887,1767,85000.00
888,1768,11000.00
889,1769,64000.00
890,1770,15000.00
891,1772,32000.00
892,1773,36000.00
893,1774,64000.00
894,1775,83000.00
895,1778,30000.00
896,1781,45000.00
897,1784,29000.00
898,1786,10000.00
899,1787,22000.00
900,1788,7000.00
901,1789,40000.00
902,1791,44000.00
903,1792,70000.00
904,1794,16000.00
905,1795,1000.00
906,1797,36000.00
907,1798,90000.00
908,1799,91000.00
909,1800,38000.00
910,1806,58000.00
911,1807,80000.00
912,1808,84000.00
913,1809,55000.00
914,1811,54000.00
915,1813,55000.00
916,1814,15000.00
917,1816,74000.00
918,1817,41000.00
919,1818,73000.00
920,1822,45000.00
921,1823,96000.00
922,1824,29000.00
923,1825,4000.00
924,1829,72000.00
925,1831,96000.00
926,1833,86000.00
927,1835,8000.00
928,1836,90000.00
929,1837,6000.00
930,1838,68000.00
931,1839,41000.00
932,1840,47000.00
933,1841,89000.00
934,1842,79000.00
935,1844,17000.00
936,1846,19000.00
937,1847,51000.00
938,1848,20000.00
939,1849,73000.00
940,1850,73000.00
941,1851,44000.00
942,1852,50000.00
943,1853,30000.00
944,1854,68000.00
945,1857,68000.00
946,1861,85000.00
947,1862,48000.00
948,1865,33000.00
949,1866,7000.00
950,1870,98000.00
951,1872,35000.00
952,1873,78000.00
953,1874,38000.00
954,1877,62000.00
955,1879,89000.00
956,1883,52000.00
957,1886,59000.00
958,1891,30000.00
959,1892,78000.00
960,1893,70000.00
961,1896,61000.00
962,1897,60000.00
963,1898,86000.00
964,1899,58000.00
965,1901,18000.00
966,1903,39000.00
967,1904,29000.00
968,1910,11000.00
969,1912,20000.00
970,1913,12000.00
971,1914,92000.00
972,1916,6000.00
973,1918,39000.00
974,1919,65000.00
975,1921,87000.00
976,1922,68000.00
977,1923,1000.00
978,1924,97000.00
979,1925,54000.00
980,1930,19000.00
981,1932,13000.00
982,1937,38000.00
983,1939,44000.00
984,1940,6000.00
985,1941,58000.00
986,1943,81000.00
987,1944,69000.00
988,1950,61000.00
989,1952,7000.00
990,1954,14000.00
991,1960,22000.00
992,1961,54000.00
993,1963,57000.00
994,1964,27000.00
995,1965,89000.00
996,1967,74000.00
997,1968,70000.00
998,1969,81000.00
999,1970,4000.00
1000,1972,81000.00
1001,1974,2000.00
1002,1975,31000.00
1003,1981,81000.00
1004,1982,8000.00
1005,1984,20000.00
1006,1986,65000.00
1007,1987,42000.00
1008,1992,7000.00
1009,1994,31000.00
1010,1995,15000.00
1011,1996,34000.00
1012,1998,53000.00
1013,1999,84000.00
1014,2001,67000.00
1015,2002,51000.00
1016,2005,48000.00
1017,2006,92000.00
1018,2007,18000.00
1019,2008,75000.00
1020,2011,24000.00
1021,2014,100000.00
1022,2015,84000.00
1023,2018,83000.00
1024,2019,70000.00
1025,2020,24000.00
1026,2022,45000.00
1027,2023,69000.00
1028,2025,24000.00
1029,2027,90000.00
1030,2028,66000.00
1031,2029,56000.00
1032,2030,82000.00
1033,2031,58000.00
1034,2032,75000.00
1035,2034,73000.00
1036,2035,64000.00
1037,2036,62000.00
1038,2039,64000.00
1039,2041,32000.00
1040,2044,68000.00
1041,2048,61000.00
1042,2050,21000.00
1043,2054,71000.00
1044,2059,43000.00
1045,2060,14000.00
1046,2064,24000.00
1047,2068,89000.00
1048,2069,34000.00
1049,2070,30000.00
1050,2076,89000.00
1051,2077,34000.00
1052,2078,17000.00
1053,2079,62000.00
1054,2080,35000.00
1055,2082,5000.00
1056,2084,61000.00
1057,2085,58000.00
1058,2086,23000.00
1059,2088,93000.00
1060,2089,31000.00
1061,2090,49000.00
1062,2093,98000.00
1063,2095,23000.00
1064,2097,85000.00
1065,2100,10000.00
1066,2101,69000.00
1067,2103,25000.00
1068,2108,63000.00
1069,2109,52000.00
1070,2111,17000.00
1071,2112,14000.00
1072,2116,13000.00
1073,2118,68000.00
1074,2119,43000.00
1075,2120,41000.00
1076,2121,82000.00
1077,2122,48000.00
1078,2125,37000.00
1079,2126,60000.00
1080,2127,51000.00
1081,2128,79000.00
1082,2134,42000.00
1083,2136,45000.00
1084,2137,79000.00
1085,2139,57000.00
1086,2145,65000.00
1087,2147,4000.00
1088,2149,76000.00
1089,2152,63000.00
1090,2155,41000.00
1091,2156,2000.00
1092,2157,60000.00
1093,2160,55000.00
1094,2161,31000.00
1095,2167,21000.00
1096,2168,95000.00
1097,2169,4000.00
1098,2171,50000.00
1099,2172,34000.00
1100,2173,8000.00
1101,2175,37000.00
1102,2176,81000.00
1103,2179,2000.00
1104,2182,86000.00
1105,2184,5000.00
1106,2187,44000.00
1107,2190,44000.00
1108,2191,6000.00
1109,2199,66000.00
1110,2200,53000.00
1111,2204,54000.00
1112,2206,73000.00
1113,2207,80000.00
1114,2210,38000.00
1115,2213,94000.00
1116,2214,99000.00
1117,2215,57000.00
1118,2216,38000.00
1119,2219,35000.00
1120,2220,90000.00
1121,2221,68000.00
1122,2222,5000.00
1123,2224,62000.00
1124,2226,58000.00
1125,2229,70000.00
1126,2230,52000.00
1127,2232,23000.00
1128,2238,20000.00
1129,2239,90000.00
1130,2242,79000.00
1131,2244,62000.00
1132,2245,92000.00
1133,2246,18000.00
1134,2247,96000.00
1135,2250,86000.00
1136,2251,6000.00
1137,2253,14000.00
1138,2254,70000.00
1139,2257,31000.00
1140,2258,11000.00
1141,2260,35000.00
1142,2261,85000.00
1143,2262,86000.00
1144,2263,38000.00
1145,2270,25000.00
1146,2272,76000.00
1147,2273,31000.00
1148,2275,17000.00
1149,2278,87000.00
1150,2279,34000.00
1151,2286,95000.00
1152,2289,40000.00
1153,2292,95000.00
1154,2293,17000.00
1155,2294,15000.00
1156,2295,63000.00
1157,2296,71000.00
1158,2297,73000.00
1159,2300,17000.00
1160,2301,31000.00
1161,2303,62000.00
1162,2304,29000.00
1163,2305,2000.00
1164,2309,14000.00
1165,2310,43000.00
1166,2311,89000.00
1167,2312,65000.00
1168,2318,38000.00
1169,2321,57000.00
1170,2325,60000.00
1171,2326,100000.00
1172,2328,93000.00
1173,2329,26000.00
1174,2331,23000.00
1175,2333,1000.00
1176,2334,49000.00
1177,2335,63000.00
1178,2337,17000.00
1179,2338,18000.00
1180,2339,37000.00
1181,2341,57000.00
1182,2342,99000.00
1183,2344,96000.00
1184,2348,62000.00
1185,2349,66000.00
1186,2350,1000.00
1187,2351,98000.00
1188,2353,69000.00
1189,2354,37000.00
1190,2355,10000.00
1191,2357,11000.00
1192,2358,94000.00
1193,2367,95000.00
1194,2368,65000.00
1195,2370,18000.00
1196,2372,45000.00
1197,2378,79000.00
1198,2379,78000.00
1199,2381,67000.00
1200,2382,90000.00
1201,2383,25000.00
1202,2384,88000.00
1203,2385,94000.00
1204,2388,33000.00
1205,2389,9000.00
1206,2391,10000.00
1207,2392,85000.00
1208,2393,47000.00
1209,2394,31000.00
1210,2396,10000.00
1211,2397,77000.00
1212,2398,11000.00
1213,2399,49000.00
1214,2401,94000.00
1215,2404,31000.00
1216,2405,59000.00
1217,2406,29000.00
1218,2409,83000.00
1219,2410,25000.00
1220,2413,56000.00
1221,2414,58000.00
1222,2417,3000.00
1223,2420,17000.00
1224,2421,31000.00
1225,2422,56000.00
1226,2423,61000.00
1227,2428,80000.00
1228,2429,63000.00
1229,2430,91000.00
1230,2434,22000.00
1231,2436,93000.00
1232,2437,98000.00
1233,2438,18000.00
1234,2439,33000.00
1235,2441,4000.00
1236,2442,12000.00
1237,2450,94000.00
1238,2452,39000.00
1239,2455,35000.00
1240,2457,11000.00
1241,2458,95000.00
1242,2459,68000.00
1243,2460,70000.00
1244,2461,40000.00
1245,2462,88000.00
1246,2468,27000.00
1247,2470,13000.00
1248,2473,14000.00
1249,2476,99000.00
1250,2477,66000.00
1251,2479,28000.00
1252,2480,23000.00
1253,2481,33000.00
1254,2485,33000.00
1255,2486,32000.00
1256,2488,100000.00
1257,2490,78000.00
1258,2491,71000.00
1259,2494,22000.00
1260,2496,15000.00
1261,2499,94000.00
1262,2501,72000.00
1263,2502,15000.00
1264,2503,2000.00
1265,2507,93000.00
1266,2510,70000.00
1267,2512,10000.00
1268,2513,94000.00
1269,2514,83000.00
1270,2516,61000.00
1271,2518,100000.00
1272,2520,19000.00
1273,2523,24000.00
1274,2524,9000.00
1275,2529,59000.00
1276,2531,80000.00
1277,2532,64000.00
1278,2533,25000.00
1279,2536,76000.00
1280,2537,91000.00
1281,2538,13000.00
1282,2541,10000.00
1283,2543,92000.00
1284,2544,37000.00
1285,2546,89000.00
1286,2548,65000.00
1287,2551,89000.00
1288,2552,82000.00
1289,2553,9000.00
1290,2558,14000.00
1291,2559,37000.00
1292,2561,28000.00
1293,2562,13000.00
1294,2563,82000.00
1295,2564,97000.00
1296,2565,37000.00
1297,2566,84000.00
1298,2567,38000.00
1299,2569,85000.00
1300,2574,48000.00
1301,2575,7000.00
1302,2580,33000.00
1303,2581,33000.00
1304,2582,82000.00
1305,2585,19000.00
1306,2586,40000.00
1307,2587,90000.00
1308,2588,66000.00
1309,2589,8000.00
1310,2592,96000.00
1311,2593,56000.00
1312,2594,55000.00
1313,2596,1000.00
1314,2597,77000.00
1315,2598,26000.00
1316,2599,42000.00
1317,2600,23000.00
1318,2606,23000.00
1319,2607,78000.00
1320,2608,35000.00
1321,2609,64000.00
1322,2613,7000.00
1323,2614,54000.00
1324,2615,53000.00
1325,2617,81000.00
1326,2618,92000.00
1327,2620,78000.00
1328,2622,96000.00
1329,2625,22000.00
1330,2628,86000.00
1331,2630,59000.00
1332,2631,68000.00
1333,2636,71000.00
1334,2638,78000.00
1335,2639,44000.00
1336,2640,57000.00
1337,2641,99000.00
1338,2642,29000.00
1339,2646,37000.00
1340,2651,13000.00
1341,2653,14000.00
1342,2654,100000.00
1343,2656,42000.00
1344,2657,7000.00
1345,2658,71000.00
1346,2660,77000.00
1347,2667,55000.00
1348,2668,60000.00
1349,2670,32000.00
1350,2671,67000.00
1351,2673,41000.00
1352,2678,34000.00
1353,2679,89000.00
1354,2684,80000.00
1355,2685,40000.00
1356,2687,24000.00
1357,2689,75000.00
1358,2690,82000.00
1359,2691,37000.00
1360,2692,89000.00
1361,2694,89000.00
1362,2701,70000.00
1363,2702,100000.00
1364,2703,33000.00
1365,2711,18000.00
1366,2713,31000.00
1367,2715,2000.00
1368,2718,21000.00
1369,2722,24000.00
1370,2725,7000.00
1371,2726,90000.00
1372,2729,35000.00
1373,2730,35000.00
1374,2731,62000.00
1375,2733,48000.00
1376,2734,9000.00
1377,2735,55000.00
1378,2737,16000.00
1379,2741,16000.00
1380,2745,46000.00
1381,2747,79000.00
1382,2750,94000.00
1383,2752,45000.00
1384,2755,99000.00
1385,2757,49000.00
1386,2758,60000.00
1387,2760,36000.00
1388,2761,61000.00
1389,2762,5000.00
1390,2763,91000.00
1391,2764,39000.00
1392,2775,8000.00
1393,2778,43000.00
1394,2779,85000.00
1395,2780,87000.00
1396,2784,85000.00
1397,2786,49000.00
1398,2787,44000.00
1399,2788,69000.00
1400,2790,68000.00
1401,2792,38000.00
1402,2796,44000.00
1403,2799,35000.00
1404,2800,8000.00
1405,2801,73000.00
1406,2803,92000.00
1407,2805,99000.00
1408,2806,49000.00
1409,2809,69000.00
1410,2810,90000.00
1411,2817,59000.00
1412,2818,4000.00
1413,2820,15000.00
1414,2823,83000.00
1415,2828,76000.00
1416,2829,48000.00
1417,2831,35000.00
1418,2833,16000.00
1419,2834,50000.00
1420,2839,73000.00
1421,2840,78000.00
1422,2842,16000.00
1423,2844,29000.00
1424,2845,100000.00
1425,2848,88000.00
1426,2855,30000.00
1427,2857,74000.00
1428,2859,23000.00
1429,2861,7000.00
1430,2863,34000.00
1431,2864,41000.00
1432,2865,3000.00
1433,2866,37000.00
1434,2867,77000.00
1435,2868,61000.00
1436,2870,97000.00
1437,2871,74000.00
1438,2877,79000.00
1439,2879,27000.00
1440,2880,57000.00
1441,2881,76000.00
1442,2882,44000.00
1443,2883,50000.00
1444,2886,38000.00
1445,2888,54000.00
1446,2891,21000.00
1447,2893,69000.00
1448,2898,65000.00
1449,2899,14000.00
1450,2900,11000.00
1451,2903,96000.00
1452,2904,34000.00
1453,2906,62000.00
1454,2907,52000.00
1455,2909,36000.00
1456,2915,96000.00
1457,2923,40000.00
1458,2924,10000.00
1459,2925,50000.00
1460,2926,86000.00
1461,2927,93000.00
1462,2928,31000.00
1463,2929,50000.00
1464,2933,24000.00
1465,2937,62000.00
1466,2938,10000.00
1467,2940,88000.00
1468,2943,69000.00
1469,2945,51000.00
1470,2946,60000.00
1471,2952,94000.00
1472,2955,67000.00
1473,2958,21000.00
1474,2959,39000.00
1475,2966,89000.00
1476,2969,44000.00
1477,2970,30000.00
1478,2973,94000.00
1479,2974,80000.00
1480,2979,20000.00
1481,2982,45000.00
1482,2983,92000.00
1483,2985,38000.00
1484,2987,54000.00
1485,2988,79000.00
1486,2990,19000.00
1487,2991,77000.00
1488,2995,10000.00
1489,2996,28000.00
1490,2997,97000.00
1491,2998,26000.00
1492,2999,54000.00
1493,3001,99000.00
1494,3003,78000.00
1495,3004,67000.00
1496,3005,99000.00
1497,3008,20000.00
1498,3009,6000.00
1499,3010,23000.00
1500,3012,62000.00
1501,3014,58000.00
1502,3015,18000.00
1503,3016,97000.00
1504,3020,14000.00
1505,3022,93000.00
1506,3024,61000.00
1507,3025,26000.00
1508,3026,71000.00
1509,3027,41000.00
1510,3028,11000.00
1511,3031,1000.00
1512,3033,51000.00
1513,3036,39000.00
1514,3042,93000.00
1515,3045,84000.00
1516,3049,76000.00
1517,3051,81000.00
1518,3052,21000.00
1519,3053,13000.00
1520,3055,9000.00
1521,3057,26000.00
1522,3060,93000.00
1523,3061,83000.00
1524,3062,87000.00
1525,3065,51000.00
1526,3066,73000.00
1527,3068,44000.00
1528,3069,51000.00
1529,3070,66000.00
1530,3072,65000.00
1531,3073,37000.00
1532,3075,5000.00
1533,3076,65000.00
1534,3078,36000.00
1535,3080,71000.00
1536,3081,41000.00
1537,3082,84000.00
1538,3085,80000.00
1539,3090,100000.00
1540,3092,92000.00
1541,3093,17000.00
1542,3095,95000.00
1543,3096,17000.00
1544,3098,60000.00
1545,3100,58000.00
1546,3101,57000.00
1547,3105,29000.00
1548,3107,52000.00
1549,3108,91000.00
1550,3109,63000.00
1551,3110,86000.00
1552,3111,3000.00
1553,3112,9000.00
1554,3114,9000.00
1555,3116,54000.00
1556,3119,82000.00
1557,3120,64000.00
1558,3122,16000.00
1559,3123,96000.00
1560,3125,96000.00
1561,3127,18000.00
1562,3128,48000.00
1563,3132,19000.00
1564,3134,66000.00
1565,3135,13000.00
1566,3138,86000.00
1567,3143,86000.00
1568,3144,23000.00
1569,3145,85000.00
1570,3146,8000.00
1571,3147,17000.00
1572,3150,2000.00
1573,3151,84000.00
1574,3153,20000.00
1575,3154,28000.00
1576,3155,27000.00
1577,3157,41000.00
1578,3158,82000.00
1579,3159,47000.00
1580,3160,94000.00
1581,3166,34000.00
1582,3168,76000.00
1583,3170,67000.00
1584,3171,58000.00
1585,3172,47000.00
1586,3176,98000.00
1587,3177,70000.00
1588,3178,47000.00
1589,3179,95000.00
1590,3184,8000.00
1591,3186,20000.00
1592,3187,32000.00
1593,3188,89000.00
1594,3190,29000.00
1595,3195,5000.00
1596,3196,62000.00
1597,3198,50000.00
1598,3201,64000.00
1599,3204,34000.00
1600,3207,41000.00
1601,3208,20000.00
1602,3209,85000.00
1603,3213,90000.00
1604,3215,1000.00
1605,3217,6000.00
1606,3220,49000.00
1607,3222,31000.00
1608,3225,69000.00
1609,3226,82000.00
1610,3227,74000.00
1611,3228,80000.00
1612,3229,58000.00
1613,3230,35000.00
1614,3232,72000.00
1615,3233,8000.00
1616,3236,64000.00
1617,3239,49000.00
1618,3243,59000.00
1619,3244,10000.00
1620,3245,67000.00
1621,3246,76000.00
1622,3247,50000.00
1623,3249,71000.00
1624,3251,20000.00
1625,3257,91000.00
1626,3259,13000.00
1627,3262,28000.00
1628,3263,79000.00
1629,3269,27000.00
1630,3270,36000.00
1631,3271,44000.00
1632,3272,36000.00
1633,3280,79000.00
1634,3281,24000.00
1635,3282,58000.00
1636,3285,94000.00
1637,3286,27000.00
1638,3289,53000.00
1639,3292,47000.00
1640,3293,87000.00
1641,3294,40000.00
1642,3295,86000.00
1643,3300,56000.00
1644,3302,61000.00
1645,3304,57000.00
1646,3306,45000.00
1647,3309,55000.00
1648,3310,37000.00
1649,3313,78000.00
1650,3314,95000.00
1651,3315,61000.00
1652,3317,89000.00
1653,3319,23000.00
1654,3322,44000.00
1655,3326,63000.00
1656,3328,9000.00
1657,3329,100000.00
1658,3330,65000.00
1659,3332,95000.00
1660,3335,9000.00
1661,3337,54000.00
1662,3338,40000.00
1663,3341,57000.00
1664,3342,41000.00
1665,3344,86000.00
1666,3345,88000.00
1667,3347,33000.00
1668,3349,43000.00
1669,3350,3000.00
1670,3353,26000.00
1671,3355,11000.00
1672,3359,32000.00
1673,3360,8000.00
1674,3362,14000.00
1675,3367,37000.00
1676,3369,60000.00
1677,3370,82000.00
1678,3373,32000.00
1679,3378,81000.00
1680,3379,94000.00
1681,3381,48000.00
1682,3382,92000.00
1683,3383,43000.00
1684,3384,3000.00
1685,3385,2000.00
1686,3386,76000.00
1687,3388,68000.00
1688,3389,75000.00
1689,3390,16000.00
1690,3391,77000.00
1691,3395,36000.00
1692,3397,40000.00
1693,3404,30000.00
1694,3406,2000.00
1695,3407,12000.00
1696,3409,63000.00
1697,3410,85000.00
1698,3412,60000.00
1699,3415,25000.00
1700,3419,90000.00
1701,3421,80000.00
1702,3425,83000.00
1703,3427,78000.00
1704,3428,13000.00
1705,3429,53000.00
1706,3431,83000.00
1707,3439,10000.00
1708,3444,69000.00
1709,3446,49000.00
1710,3447,100000.00
1711,3449,53000.00
1712,3450,42000.00
1713,3456,50000.00
1714,3458,2000.00
1715,3459,45000.00
1716,3461,5000.00
1717,3467,99000.00
1718,3468,80000.00
1719,3471,15000.00
1720,3472,67000.00
1721,3474,17000.00
1722,3475,26000.00
1723,3477,87000.00
1724,3478,25000.00
1725,3481,9000.00
1726,3484,95000.00
1727,3486,76000.00
1728,3488,73000.00
1729,3489,83000.00
1730,3490,32000.00
1731,3495,6000.00
1732,3497,69000.00
1733,3500,96000.00
1734,3502,77000.00
1735,3503,79000.00
1736,3504,66000.00
1737,3505,4000.00
1738,3508,66000.00
1739,3510,3000.00
1740,3511,62000.00
1741,3514,3000.00
1742,3515,88000.00
1743,3516,85000.00
1744,3517,44000.00
1745,3519,24000.00
1746,3520,58000.00
1747,3521,10000.00
1748,3524,62000.00
1749,3526,100000.00
1750,3527,95000.00
1751,3529,8000.00
1752,3531,66000.00
1753,3532,49000.00
1754,3533,45000.00
1755,3536,86000.00
1756,3538,50000.00
1757,3540,15000.00
1758,3541,87000.00
1759,3542,50000.00
1760,3544,97000.00
1761,3545,54000.00
1762,3547,27000.00
1763,3549,36000.00
1764,3550,91000.00
1765,3553,28000.00
1766,3556,7000.00
1767,3559,56000.00
1768,3560,74000.00
1769,3571,25000.00
1770,3573,95000.00
1771,3576,22000.00
1772,3579,73000.00
1773,3580,88000.00
1774,3581,23000.00
1775,3582,2000.00
1776,3584,34000.00
1777,3585,99000.00
1778,3588,79000.00
1779,3589,60000.00
1780,3590,71000.00
1781,3594,20000.00
1782,3595,86000.00
1783,3598,82000.00
1784,3599,44000.00
1785,3601,47000.00
1786,3603,49000.00
1787,3605,83000.00
1788,3606,25000.00
1789,3608,84000.00
1790,3609,100000.00
1791,3610,43000.00
1792,3613,33000.00
1793,3614,79000.00
1794,3617,89000.00
1795,3620,73000.00
1796,3621,77000.00
1797,3622,1000.00
1798,3627,29000.00
1799,3631,8000.00
1800,3635,81000.00
1801,3638,5000.00
1802,3639,22000.00
1803,3640,82000.00
1804,3641,13000.00
1805,3644,26000.00
1806,3646,64000.00
1807,3647,79000.00
1808,3648,97000.00
1809,3650,99000.00
1810,3652,40000.00
1811,3654,46000.00
1812,3657,45000.00
1813,3659,68000.00
1814,3662,12000.00
1815,3666,64000.00
1816,3669,87000.00
1817,3670,87000.00
1818,3671,92000.00
1819,3675,43000.00
1820,3676,25000.00
1821,3677,24000.00
1822,3679,62000.00
1823,3682,86000.00
1824,3683,88000.00
1825,3688,14000.00
1826,3689,75000.00
1827,3690,2000.00
1828,3691,98000.00
1829,3695,50000.00
1830,3697,88000.00
1831,3698,44000.00
1832,3699,23000.00
1833,3704,57000.00
1834,3708,50000.00
1835,3709,63000.00
1836,3712,72000.00
1837,3714,73000.00
1838,3722,83000.00
1839,3723,57000.00
1840,3725,33000.00
1841,3729,69000.00
1842,3730,75000.00
1843,3731,22000.00
1844,3733,18000.00
1845,3734,58000.00
1846,3736,31000.00
1847,3737,70000.00
1848,3738,78000.00
1849,3740,56000.00
1850,3742,42000.00
1851,3743,12000.00
1852,3745,7000.00
1853,3749,6000.00
1854,3751,35000.00
1855,3752,44000.00
1856,3754,43000.00
1857,3757,21000.00
1858,3758,11000.00
1859,3759,83000.00
1860,3760,8000.00
1861,3761,81000.00
1862,3762,57000.00
1863,3764,98000.00
1864,3767,44000.00
1865,3769,11000.00
1866,3770,11000.00
1867,3773,35000.00
1868,3775,6000.00
1869,3779,22000.00
1870,3786,74000.00
1871,3789,43000.00
1872,3790,81000.00
1873,3791,8000.00
1874,3794,39000.00
1875,3795,9000.00
1876,3796,95000.00
1877,3797,17000.00
1878,3798,30000.00
1879,3802,55000.00
1880,3803,66000.00
1881,3805,35000.00
1882,3807,15000.00
1883,3809,29000.00
1884,3813,8000.00
1885,3814,36000.00
1886,3815,34000.00
1887,3816,20000.00
1888,3818,16000.00
1889,3819,45000.00
1890,3821,82000.00
1891,3822,33000.00
1892,3823,22000.00
1893,3827,29000.00
1894,3828,8000.00
1895,3829,40000.00
1896,3830,38000.00
1897,3832,60000.00
1898,3835,61000.00
1899,3836,56000.00
1900,3839,4000.00
1901,3842,36000.00
1902,3845,49000.00
1903,3847,2000.00
1904,3848,72000.00
1905,3851,23000.00
1906,3852,56000.00
1907,3855,74000.00
1908,3856,97000.00
1909,3857,45000.00
1910,3858,80000.00
1911,3859,47000.00
1912,3861,63000.00
1913,3863,92000.00
1914,3864,49000.00
1915,3865,91000.00
1916,3869,45000.00
1917,3870,43000.00
1918,3873,44000.00
1919,3877,21000.00
1920,3879,72000.00
1921,3880,50000.00
1922,3882,65000.00
1923,3883,20000.00
1924,3885,56000.00
1925,3886,86000.00
1926,3887,23000.00
1927,3888,56000.00
1928,3889,29000.00
1929,3890,75000.00
1930,3893,23000.00
1931,3894,73000.00
1932,3896,31000.00
1933,3897,85000.00
1934,3898,59000.00
1935,3900,85000.00
1936,3902,46000.00
1937,3903,13000.00
1938,3904,66000.00
1939,3906,52000.00
1940,3912,85000.00
1941,3914,95000.00
1942,3917,94000.00
1943,3919,76000.00
1944,3920,100000.00
1945,3922,84000.00
1946,3926,55000.00
1947,3928,65000.00
1948,3929,14000.00
1949,3932,24000.00
1950,3933,63000.00
1951,3935,65000.00
1952,3938,20000.00
1953,3939,71000.00
1954,3942,64000.00
1955,3943,98000.00
1956,3944,2000.00
1957,3945,52000.00
1958,3946,35000.00
1959,3947,69000.00
1960,3951,32000.00
1961,3952,43000.00
1962,3954,73000.00
1963,3955,60000.00
1964,3962,100000.00
1965,3967,94000.00
1966,3968,72000.00
