id,personID,phoneNumber
1,1,+6826451512023
2,2,+5576990528698
3,3,+7443976399118
4,4,+1285782974902
5,5,+7970950251992
6,6,+7808932610161
7,7,+5171694429255
8,8,+3359958912912
9,9,+4459960240076
10,10,+5048069001489
11,11,+8239943502275
12,12,+5994525388765
13,13,+7893494015829
14,14,+4762976475397
15,15,+4594838290406
16,16,+6718003179927
17,17,+4536641820523
18,18,+7455543122393
19,19,+9471092503706
20,20,+7332340393377
21,21,+3802982021309
22,22,+2414435600994
23,23,+3957505743091
24,24,+5927266049250
25,25,+5174377149088
26,26,+6326337615896
27,27,+4095279418474
28,28,+2150274187089
29,29,+4621016262908
30,30,+7556331203856
31,31,+2370154180503
32,32,+3102106903580
33,33,+1269244518598
34,34,+2869208974027
35,35,+5434560622370
36,36,+7968818556671
37,37,+9717121466682
38,38,+5862216315898
39,39,+1827654500466
40,40,+1107922829010
41,41,+8259933292965
42,42,+4831372406344
43,43,+7021746885127
44,44,+1871847273801
45,45,+9160131917873
46,46,+6861970425964
47,47,+3419586084072
48,48,+5453070873725
49,49,+6847956487493
50,50,+8875613115962
51,51,+3762987693163
52,52,+6631035646995
53,53,+1770354849003
54,54,+6443471165570
55,55,+6749302817518
56,56,+5124224476481
57,57,+7258168651083
58,58,+3418965381697
59,59,+5214960587970
60,60,+1973568289080
61,61,+4033344787466
62,62,+2980882677621
63,63,+4340830067050
64,64,+4341168745922
65,65,+9616792428431
66,66,+1665553797121
67,67,+6420827509118
68,68,+9621968496161
69,69,+5112180884713
70,70,+9792775405872
71,71,+7004058983268
72,72,+3920462066244
73,73,+4315329132878
74,74,+5271762977897
75,75,+9962672530544
76,76,+1838351164473
77,77,+3443457953214
78,78,+7551297470603
79,79,+8240015509838
80,80,+7078527471697
81,81,+5149845166627
82,82,+2305283272117
83,83,+8493099832858
84,84,+7605811991091
85,85,+3672570052882
86,86,+7086092693208
87,87,+1501365856636
88,88,+4532004501473
89,89,+1748086763779
90,90,+3697720141524
91,91,+9952622164268
92,92,+4201507472421
93,93,+6946837078962
94,94,+2760056317303
95,95,+1911762007601
96,96,+1540927379323
97,97,+8548339138162
98,98,+4198040449755
99,99,+1652964043914
100,100,+5811823141594
101,101,+3079439772460
102,102,+1351985596714
103,103,+9952623452388
104,104,+6926662322856
105,105,+4857715351239
106,106,+7870622954711
107,107,+5405506400217
108,108,+4833311023777
109,109,+7014889649439
110,110,+4914468289806
111,111,+1829020080832
112,112,+9762092512731
113,113,+6725120357609
114,114,+1028934332103
115,115,+3319925246071
116,116,+2731067182869
117,117,+8853668857096
118,118,+1517496833435
119,119,+9916131720013
120,120,+6155047710680
121,121,+1783601492403
122,122,+7176902254856
123,123,+3570800167738
124,124,+4877624065860
125,125,+6915319650483
126,126,+1521304288000
127,127,+5506444749431
128,128,+4789639642286
129,129,+2435626825620
130,130,+6669219892203
131,131,+6379438071237
132,132,+8827536597290
133,133,+8521941819606
134,134,+9294883374323
135,135,+2598296328227
136,136,+4770284768924
137,137,+7255064910979
138,138,+1028918245673
139,139,+4102920662025
140,140,+5133154403246
141,141,+7491631691727
142,142,+8469214219217
143,143,+4193324377040
144,144,+9007651048611
145,145,+4299832447207
146,146,+1909170851247
147,147,+5669580673860
148,148,+8555895098747
149,149,+1269976834432
150,150,+4630930064508
151,151,+5381095475256
152,152,+1596564222454
153,153,+6246495716471
154,154,+5330277607778
155,155,+2668506321660
156,156,+3268031258770
157,157,+6985462124157
158,158,+7949963699926
159,159,+2239475572542
160,160,+5053620379766
161,161,+5765456677791
162,162,+7891203834772
163,163,+4880967356538
164,164,+7393776758423
165,165,+2591697326344
166,166,+5920455284672
167,167,+9632407989478
168,168,+1704309346319
169,169,+7053024097045
170,170,+5496365930311
171,171,+7171260630989
172,172,+3032538222195
173,173,+3099591160753
174,174,+4128194042032
175,175,+2595734771773
176,176,+2155191382004
177,177,+6697723984868
178,178,+9550714674425
179,179,+1252257497319
180,180,+5699335182571
181,181,+3897655667580
182,182,+6682028970060
183,183,+3089711074059
184,184,+1519054870649
185,185,+4977487353117
186,186,+5973793085530
187,187,+5453922680471
188,188,+9358525015797
189,189,+1507163875247
190,190,+2934830824628
191,191,+5049745495373
192,192,+9790620922945
193,193,+9744677111214
194,194,+1295600827246
195,195,+8620634665552
196,196,+8731051479131
197,197,+4467265110715
198,198,+4022508604563
199,199,+2839903495299
200,200,+4765248300841
201,201,+1067763413647
202,202,+6914398877137
203,203,+7556072662216
204,204,+3308918854786
205,205,+6649964826841
206,206,+6167350008560
207,207,+4310227347920
208,208,+6743130176063
209,209,+6571706083166
210,210,+2890045820426
211,211,+9879219009352
212,212,+4027558874611
213,213,+2783091497133
214,214,+9490506941475
215,215,+7287087160263
216,216,+2087222967354
217,217,+2267582086067
218,218,+4092905112559
219,219,+9596608286860
220,220,+5239830185393
221,221,+6042871155559
222,222,+9705349895062
223,223,+7206293629847
224,224,+1013151898475
225,225,+9946775994661
226,226,+2604713056270
227,227,+5073208765516
228,228,+8862117697198
229,229,+7299738065348
230,230,+7230528849223
231,231,+1943335097336
232,232,+3146240820600
233,233,+3501127970415
234,234,+1377603035696
235,235,+7359031820478
236,236,+1411914498942
237,237,+4226669361111
238,238,+8852227212790
239,239,+1883350262329
240,240,+8974377262587
241,241,+6107216738756
242,242,+5163046817515
243,243,+8999476581515
244,244,+6755498259188
245,245,+6511179717235
246,246,+4953008086199
247,247,+7708232303867
248,248,+4753975324753
249,249,+1641924973576
250,250,+4791305969201
251,251,+2565629159545
252,252,+1619818189325
253,253,+9020067388579
254,254,+2819419455515
255,255,+5777301288198
256,256,+1077338087024
257,257,+5026002399426
258,258,+3693934039371
259,259,+1015139799289
260,260,+3412581529061
261,261,+8669943538953
262,262,+1701470945670
263,263,+5362115190136
264,264,+5000211083081
265,265,+5712332806353
266,266,+2093874610658
267,267,+5632500644353
268,268,+8732278992642
269,269,+1390010315416
270,270,+1482326502559
271,271,+4108550594753
272,272,+4913732498454
273,273,+2608424445755
274,274,+6940433126677
275,275,+5455713251081
276,276,+4118002895072
277,277,+1238910563547
278,278,+1323714247930
279,279,+3764569830540
280,280,+4001210886022
281,281,+6358638037167
282,282,+4048559250989
283,283,+2019251494699
284,284,+6641897029653
285,285,+3413396658288
286,286,+7171391474460
287,287,+4371834492160
288,288,+9287908936463
289,289,+7515831072545
290,290,+2206535845324
291,291,+3497127989170
292,292,+2333568110436
293,293,+1067036254182
294,294,+7290969673928
295,295,+8575072923193
296,296,+5253126528712
297,297,+1686076760630
298,298,+2164179814000
299,299,+8004083964295
300,300,+8762680358626
301,301,+2657797978437
302,302,+2572726253004
303,303,+8227828842936
304,304,+6504370867496
305,305,+7057537128279
306,306,+7509945530500
307,307,+2283308619439
308,308,+6410049962289
309,309,+1262457230615
310,310,+6882514846643
311,311,+5319830014936
312,312,+5984652789565
313,313,+5125316566472
314,314,+5096611582800
315,315,+1635528988668
316,316,+6791350265260
317,317,+8348397600574
318,318,+2172043726060
319,319,+9365065145664
320,320,+7582103173950
321,321,+9393607711617
322,322,+7346773266839
323,323,+1049249984393
324,324,+6774601876020
325,325,+3764556315742
326,326,+2310802580276
327,327,+2548199777287
328,328,+1786341442739
329,329,+5466822025845
330,330,+2032313698421
331,331,+6547046380633
332,332,+7606292118395
333,333,+2983911455043
334,334,+4788096856719
335,335,+5874906731616
336,336,+7201143251892
337,337,+2495326613047
338,338,+2700125562172
339,339,+8894048053134
340,340,+7429376742140
341,341,+9420086319658
342,342,+1426164117099
343,343,+7817272017196
344,344,+9502749224718
345,345,+5012402203505
346,346,+4280971787201
347,347,+8332911321705
348,348,+9934916582743
349,349,+2151000922478
350,350,+9711309402818
351,351,+7581319215764
352,352,+6534772296711
353,353,+8376409301779
354,354,+5534772391014
355,355,+3942098674803
356,356,+4646111794698
357,357,+4693790220002
358,358,+5812187966109
359,359,+5117550635165
360,360,+2953983235862
361,361,+4113652828779
362,362,+7684335255775
363,363,+1908956710360
364,364,+9778125015072
365,365,+7206049016977
366,366,+9892065877117
367,367,+5891547607506
368,368,+9935951343501
369,369,+6905518147144
370,370,+9880453921029
371,371,+5263269673961
372,372,+1890044038746
373,373,+6875299640559
374,374,+9113751200428
375,375,+6433379627496
376,376,+6209026441195
377,377,+6176447122451
378,378,+6126974334363
379,379,+8246947283591
380,380,+4053181812943
381,381,+7325724545641
382,382,+4335353159416
383,383,+5660789688616
384,384,+7729376375151
385,385,+9157191861063
386,386,+3128139114421
387,387,+9807474392533
388,388,+2522319469396
389,389,+2390110372737
390,390,+8378093316413
391,391,+7086411605090
392,392,+4262102752249
393,393,+2279997456896
394,394,+5066275843449
395,395,+2110847468724
396,396,+7499115357693
397,397,+5864418358888
398,398,+7208094770104
399,399,+1506320217183
400,400,+2618891954930
401,401,+2944759357708
402,402,+6354330934089
403,403,+5963298846698
404,404,+9988168137992
405,405,+1851715788343
406,406,+2691724282337
407,407,+6051882918670
408,408,+8065302712892
409,409,+1335448098797
410,410,+1862066209388
411,411,+7671876230739
412,412,+3944993349364
413,413,+7774049005614
414,414,+2038309167712
415,415,+4797977163098
416,416,+5318050134311
417,417,+7684251568239
418,418,+6771376536971
419,419,+2476697247331
420,420,+2619224189131
421,421,+3348087164894
422,422,+5308339387587
423,423,+3210457547954
424,424,+6914924487238
425,425,+6777041250237
426,426,+5533852380518
427,427,+4474649806339
428,428,+5478155709231
429,429,+2011685742846
430,430,+9370637294830
431,431,+3687252503629
432,432,+6007164299774
433,433,+5828276310978
434,434,+4320686809430
435,435,+5983589979501
436,436,+7219875350979
437,437,+5257821856163
438,438,+4283641158721
439,439,+1457528771382
440,440,+5436266509407
441,441,+1583965317729
442,442,+5336535977249
443,443,+9649160006215
444,444,+4714976908549
445,445,+7346587080508
446,446,+1658950208860
447,447,+6304506312564
448,448,+5357821016630
449,449,+6800862049889
450,450,+5782000675618
451,451,+7532586723004
452,452,+8811803393895
453,453,+1680312130095
454,454,+9274864706675
455,455,+5265599534381
456,456,+7727631965456
457,457,+9131683884531
458,458,+4709684503073
459,459,+2764254397479
460,460,+5204539100113
461,461,+4032881136667
462,462,+1315499672121
463,463,+3829916197178
464,464,+8330373375845
465,465,+5727020963152
466,466,+8748293657924
467,467,+9788925796630
468,468,+5043310108137
469,469,+4593115536367
470,470,+8049976011341
471,471,+5364709674739
472,472,+6563018262829
473,473,+6350856904360
474,474,+1471214037974
475,475,+9322476252436
476,476,+5826265379217
477,477,+9616980235975
478,478,+5151144590742
479,479,+9236108298577
480,480,+8565851953473
481,481,+3421035421981
482,482,+3998991542211
483,483,+6507628623760
484,484,+4859311637511
485,485,+3639030640005
486,486,+6909569943135
487,487,+9793804571252
488,488,+7153280351285
489,489,+4278163690531
490,490,+3300657524537
491,491,+1389251982466
492,492,+5887964705746
493,493,+5446998358730
494,494,+8705187794747
495,495,+9561897606388
496,496,+4059989214539
497,497,+4281407304562
498,498,+8467568392447
499,499,+6991376733303
500,500,+9567437811530
501,501,+5193897855871
502,502,+6092352059667
503,503,+5405468284185
504,504,+9545041716760
505,505,+1409407157199
506,506,+1723259682935
507,507,+2249822626524
508,508,+7424240052557
509,509,+9326237296810
510,510,+1338949273347
511,511,+2017390717438
512,512,+6975913077652
513,513,+6957464319175
514,514,+7812685439387
515,515,+2441685780844
516,516,+7454727542690
517,517,+6948490063937
518,518,+2004043985029
519,519,+2420418042585
520,520,+7544454302975
521,521,+2150003743633
522,522,+4383230568398
523,523,+7542315596176
524,524,+6070984531500
525,525,+4360002221446
526,526,+7848413736855
527,527,+7588780633599
528,528,+7641356154180
529,529,+4937711141880
530,530,+4107968833500
531,531,+1189508183230
532,532,+2172899043039
533,533,+8266487993019
534,534,+8827172030512
535,535,+7739086138521
536,536,+3788905947254
537,537,+1934406055761
538,538,+3832452114127
539,539,+4642833579493
540,540,+5514937070164
541,541,+6865025326421
542,542,+4070899483237
543,543,+5156630190962
544,544,+3542276982057
545,545,+9468128175261
546,546,+2606673215058
547,547,+9227661069048
548,548,+1493554069026
549,549,+8512409678768
550,550,+5137468560892
551,551,+7048790895887
552,552,+3959376598361
553,553,+3537012722643
554,554,+1022307845051
555,555,+9891667199165
556,556,+4396032082187
557,557,+1601307566895
558,558,+2000056987723
559,559,+1598673145930
560,560,+2941712232754
561,561,+1942701374883
562,562,+4242322818110
563,563,+9219623817849
564,564,+8601201668439
565,565,+6924111643948
566,566,+1625761205458
567,567,+5766622313478
568,568,+9877494443999
569,569,+6748920001888
570,570,+7660071679608
571,571,+8618305341504
572,572,+2481061360370
573,573,+8640604073075
574,574,+6465089510431
575,575,+8753258205117
576,576,+9879412061679
577,577,+4799261930395
578,578,+6372387713512
579,579,+3688077225408
580,580,+6016994933430
581,581,+8818977378189
582,582,+5849563467777
583,583,+9449717484860
584,584,+7579856109300
585,585,+3278630953635
586,586,+1794583040423
587,587,+4341536709036
588,588,+4257573088741
589,589,+6596528364904
590,590,+1384043310914
591,591,+9624421477370
592,592,+3486676166060
593,593,+7806167509643
594,594,+1134294886284
595,595,+7252031188320
596,596,+7407498934567
597,597,+7200378210753
598,598,+2718423914467
599,599,+4799254579158
600,600,+6536217066377
601,601,+4875460347070
602,602,+1371303394922
603,603,+7527908744552
604,604,+4423343224180
605,605,+4331585584638
606,606,+2512194427811
607,607,+6850134697054
608,608,+2913885024926
609,609,+1844817106263
610,610,+2362279462300
611,611,+3778463042254
612,612,+2828768889961
613,613,+8228491443685
614,614,+4183545886164
615,615,+7813337635084
616,616,+3405886449446
617,617,+5483735111401
618,618,+4445740720160
619,619,+1788760389829
620,620,+1550192969228
621,621,+1941707882691
622,622,+9032844134018
623,623,+4464609971383
624,624,+7397271061736
625,625,+9924095593391
626,626,+2805511040323
627,627,+1501239819566
628,628,+3559685897402
629,629,+9113096960493
630,630,+4828838597180
631,631,+9815343420307
632,632,+6998396994350
633,633,+3831748612407
634,634,+8089885166626
635,635,+4516007639983
636,636,+5207970457409
637,637,+8797108475790
638,638,+8507858155632
639,639,+5941872089793
640,640,+4635108849447
641,641,+6185606492713
642,642,+9636650980317
643,643,+7033730493686
644,644,+1809808319680
645,645,+3805604496428
646,646,+3618882751379
647,647,+8222455490715
648,648,+9438638861283
649,649,+3788219357416
650,650,+3491297279950
651,651,+3897626868918
652,652,+5738679407045
653,653,+5390587131642
654,654,+7325842528393
655,655,+1556489410007
656,656,+3064082526683
657,657,+7651458194069
658,658,+4734896964819
659,659,+1164199451655
660,660,+3145081009597
661,661,+8453741109667
662,662,+9247763309144
663,663,+6303266961987
664,664,+5837808092235
665,665,+3474835441705
666,666,+2603842625096
667,667,+9723207635620
668,668,+9518761888084
669,669,+5242412538278
670,670,+6511307370037
671,671,+5811012837571
672,672,+7615046113776
673,673,+6290905261547
674,674,+4280895690011
675,675,+4624010028398
676,676,+1178466364613
677,677,+9557651264285
678,678,+7984429226464
679,679,+8873689063062
680,680,+6098141726261
681,681,+8969772241620
682,682,+5504836721965
683,683,+8069562844557
684,684,+9563135837269
685,685,+4917205044984
686,686,+9201739951539
687,687,+1731847301016
688,688,+4875786973738
689,689,+1602973594695
690,690,+9010408509827
691,691,+3217692216809
692,692,+5402392218972
693,693,+8903563736736
694,694,+1597391094332
695,695,+1936826559720
696,696,+8827617810529
697,697,+7406253933351
698,698,+5831352620340
699,699,+2877125689179
700,700,+8740015591673
701,701,+1174421526393
702,702,+5637262562168
703,703,+8655217572268
704,704,+9078526856427
705,705,+2059992472373
706,706,+9107159194905
707,707,+3878107447272
708,708,+8961693105515
709,709,+7397042380684
710,710,+6022969010123
711,711,+5936347606082
712,712,+7300984073617
713,713,+2137840992058
714,714,+3672968060519
715,715,+1552540196311
716,716,+3428039254893
717,717,+6766573567577
718,718,+4316594460855
719,719,+9379917470035
720,720,+6937026868280
721,721,+4499977885455
722,722,+6164440875379
723,723,+4372077578281
724,724,+1488600903679
725,725,+7715373064286
726,726,+7916473229862
727,727,+4998680783785
728,728,+2643144795118
729,729,+8478134629469
730,730,+3000108809820
731,731,+7192734763082
732,732,+6646266405988
733,733,+2396225734245
734,734,+9955982890206
735,735,+9079930815315
736,736,+7541162114272
737,737,+6324053748799
738,738,+1911611100659
739,739,+7619242881834
740,740,+3906127454151
741,741,+1327450153482
742,742,+4704363761607
743,743,+9182877107466
744,744,+6476571902158
745,745,+6550690404698
746,746,+7553380906196
747,747,+1050803071504
748,748,+8128444624502
749,749,+6472649956425
750,750,+8523258186261
751,751,+5116435106433
752,752,+5944902330814
753,753,+2206123429543
754,754,+1921362802641
755,755,+5819443151671
756,756,+5330642997358
757,757,+9165123177694
758,758,+5487314514393
759,759,+2087814621418
760,760,+7754949887765
761,761,+3403686579162
762,762,+6508638997029
763,763,+6523125416200
764,764,+6534710302935
765,765,+2928066702164
766,766,+1822253280521
767,767,+6378483159504
768,768,+6308323124152
769,769,+2738495687341
770,770,+4690048237114
771,771,+1377412122792
772,772,+2839634347613
773,773,+1774974310473
774,774,+5070801306699
775,775,+7938849920805
776,776,+4025156754592
777,777,+6078599406270
778,778,+7958698360275
779,779,+9147906822212
780,780,+5635904410763
781,781,+4048841387945
782,782,+7284000600234
783,783,+6800172469225
784,784,+9194778362506
785,785,+2351429861540
786,786,+1116402558918
787,787,+2262332710743
788,788,+4903488344983
789,789,+8411402285931
790,790,+1701880682917
791,791,+4388642532452
792,792,+6126356778188
793,793,+8338687184641
794,794,+8516726830561
795,795,+2164620130936
796,796,+4401932478275
797,797,+5109963196068
798,798,+5452373566581
799,799,+8897349033472
800,800,+5414149880147
801,801,+3072490127791
802,802,+3865980141665
803,803,+9674436515542
804,804,+7703589985229
805,805,+8080520092668
806,806,+6032616572154
807,807,+9073861346142
808,808,+8053080977100
809,809,+9853983906080
810,810,+8717527138419
811,811,+3825154334561
812,812,+9516019455667
813,813,+1208251690138
814,814,+4570306278821
815,815,+4499055532446
816,816,+2434880878409
817,817,+9899653131372
818,818,+3710803836206
819,819,+5798961110879
820,820,+7526112601881
821,821,+8602005508185
822,822,+3862855014664
823,823,+4240158628126
824,824,+1550839972109
825,825,+8899557800742
826,826,+4589636287150
827,827,+1280900613743
828,828,+3232995274390
829,829,+6512278763304
830,830,+2956273015834
831,831,+2563468564122
832,832,+8697333434998
833,833,+2249040353479
834,834,+2966947572078
835,835,+2844002950295
836,836,+9015016580620
837,837,+5698505597687
838,838,+9965247877912
839,839,+2000398051046
840,840,+9919036413747
841,841,+9452099209001
842,842,+7506780655305
843,843,+1201583440386
844,844,+5603073200791
845,845,+2528637917847
846,846,+4512512852110
847,847,+6085511705074
848,848,+1435677445801
849,849,+4553257589858
850,850,+1508996158401
851,851,+3629232362119
852,852,+1716534914106
853,853,+6877112473749
854,854,+3301956516816
855,855,+9242870336389
856,856,+6568842049058
857,857,+8378917510382
858,858,+8568627257874
859,859,+9462646179548
860,860,+1215294503840
861,861,+6314692617840
862,862,+1559013932362
863,863,+6509665977969
864,864,+6605501586216
865,865,+8540396766984
866,866,+9346458514144
867,867,+4481317387798
868,868,+3130870936661
869,869,+4435964684090
870,870,+8392945248654
871,871,+5894489242086
872,872,+6228931202318
873,873,+9500586226755
874,874,+5262208474788
875,875,+8807525241825
876,876,+4166835479992
877,877,+2424247891131
878,878,+7931832767035
879,879,+6664925746906
880,880,+2426117955692
881,881,+1132264243347
882,882,+4275990243489
883,883,+2322707904199
884,884,+4414859229451
885,885,+7809119761641
886,886,+7223454727066
887,887,+9879777592202
888,888,+3771668982061
889,889,+5727738258179
890,890,+9827958822327
891,891,+3319458169498
892,892,+3430917472024
893,893,+8968215426902
894,894,+8415750271870
895,895,+5340544835410
896,896,+5177126771501
897,897,+6074987876988
898,898,+4061210041023
899,899,+5062685240392
900,900,+7368963838312
901,901,+1972582075093
902,902,+3575335500285
903,903,+8944754093748
904,904,+9287283584254
905,905,+5161652200419
906,906,+4777042723971
907,907,+8632975512957
908,908,+7703450163790
909,909,+8289680700594
910,910,+6018595143507
911,911,+2985039786342
912,912,+1555484593362
913,913,+1397623010257
914,914,+2590467851928
915,915,+2854533113764
916,916,+7362938695277
917,917,+2525315684397
918,918,+9562522161533
919,919,+4216636491934
920,920,+7760096457012
921,921,+5115172315209
922,922,+5967517816490
923,923,+9914021794624
924,924,+9443487593604
925,925,+6554504451130
926,926,+6639544427169
927,927,+5956093203431
928,928,+8918554648240
929,929,+6846658841604
930,930,+4743435814653
931,931,+7714815614951
932,932,+2179303537483
933,933,+5995848697796
934,934,+2128838941967
935,935,+2407587459964
936,936,+3206560231415
937,937,+5689213470046
938,938,+5451628743688
939,939,+1071631005822
940,940,+3535678258108
941,941,+5186848960313
942,942,+3630244086548
943,943,+5644071485582
944,944,+2574177990456
945,945,+5029812193630
946,946,+6090259054643
947,947,+8141605536122
948,948,+9488939607336
949,949,+7564484309812
950,950,+6312916007032
951,951,+1299497984292
952,952,+9491616358436
953,953,+4404296595315
954,954,+5928641193244
955,955,+1411436800114
956,956,+1443759929642
957,957,+5242994106938
958,958,+6367056304915
959,959,+2309538663937
960,960,+8639162806117
961,961,+4416773432112
962,962,+4761653486160
963,963,+6162030971167
964,964,+9345603941653
965,965,+5946963602778
966,966,+5973563479615
967,967,+6890416595533
968,968,+3663687424907
969,969,+5756448035260
970,970,+4764680313485
971,971,+1186078199571
972,972,+4929895479112
973,973,+4525699507439
974,974,+5818988178399
975,975,+8757353152025
976,976,+9094983037239
977,977,+4236593188035
978,978,+8484917707394
979,979,+7071950454705
980,980,+2563093979531
981,981,+4091090194517
982,982,+6219980001100
983,983,+4277359982827
984,984,+7121409622280
985,985,+9881286798364
986,986,+9942651942835
987,987,+5673757612471
988,988,+3268250131761
989,989,+7286684341334
990,990,+4243824010985
991,991,+2962729611245
992,992,+1113059043379
993,993,+1054019374767
994,994,+9883073874007
995,995,+7844965750438
996,996,+2581109126823
997,997,+9650206453242
998,998,+3307079505680
999,999,+2259350466465
1000,1000,+8971028828525
1001,1001,+8874054994565
1002,1002,+1432519677400
1003,1003,+1404634992024
1004,1004,+1132291962433
1005,1005,+6996915202247
1006,1006,+7350582092761
1007,1007,+4690488276026
1008,1008,+1081858196686
1009,1009,+2814342443382
1010,1010,+3672481829860
1011,1011,+6938455324314
1012,1012,+7389243402141
1013,1013,+3374528336381
1014,1014,+4896436201785
1015,1015,+5598690179305
1016,1016,+1240526059327
1017,1017,+2004403938484
1018,1018,+4489553712142
1019,1019,+7668008181599
1020,1020,+6141493503312
1021,1021,+6509177842596
1022,1022,+6620752019689
1023,1023,+1433787292498
1024,1024,+8738073255087
1025,1025,+5367031661388
1026,1026,+4925928352744
1027,1027,+1795734454005
1028,1028,+9775233237637
1029,1029,+3593018049630
1030,1030,+9697136696798
1031,1031,+7794902511670
1032,1032,+3828550415598
1033,1033,+7146551596679
1034,1034,+5161159256917
1035,1035,+9416259358707
1036,1036,+9628283315913
1037,1037,+7696612846002
1038,1038,+7371368368765
1039,1039,+3180622153153
1040,1040,+6843307330820
1041,1041,+3487010148751
1042,1042,+2519213065259
1043,1043,+4732789724354
1044,1044,+3748635611234
1045,1045,+8886419340560
1046,1046,+1369222150146
1047,1047,+5181714187726
1048,1048,+3997452886712
1049,1049,+8555505305402
1050,1050,+5051914390756
1051,1051,+6692605439810
1052,1052,+9346768600912
1053,1053,+5173163730720
1054,1054,+1661846535685
1055,1055,+5797651425228
1056,1056,+5484138832048
1057,1057,+2770436068358
1058,1058,+6230085306272
1059,1059,+8581709131386
1060,1060,+5343823623781
1061,1061,+9193867984341
1062,1062,+7577002501689
1063,1063,+3213757104169
1064,1064,+2321939016587
1065,1065,+3787912935264
1066,1066,+9695823766653
1067,1067,+8408404364442
1068,1068,+3221200214839
1069,1069,+7977145601921
1070,1070,+6281703717115
1071,1071,+7295007533348
1072,1072,+8861527391264
1073,1073,+2309449976112
1074,1074,+1994734810381
1075,1075,+7974332097607
1076,1076,+1747674068548
1077,1077,+7171942546340
1078,1078,+4792174260239
1079,1079,+6797543997946
1080,1080,+7819104242915
1081,1081,+4219122414261
1082,1082,+3145835228891
1083,1083,+8586743388316
1084,1084,+5148364759582
1085,1085,+9606100297944
1086,1086,+8502517692565
1087,1087,+9924902027444
1088,1088,+7526461652805
1089,1089,+5478035871542
1090,1090,+3792430090285
1091,1091,+6412371133674
1092,1092,+4928903893139
1093,1093,+2814524744518
1094,1094,+7917971485181
1095,1095,+6801854414143
1096,1096,+8943834797975
1097,1097,+4239883857314
1098,1098,+1440868776313
1099,1099,+9554804865816
1100,1100,+3796200312490
1101,1101,+8419535603298
1102,1102,+6235568226411
1103,1103,+1289870963592
1104,1104,+1776326673859
1105,1105,+5671798670501
1106,1106,+4303469486369
1107,1107,+8189632098286
1108,1108,+7224898528493
1109,1109,+4272321130197
1110,1110,+2067551070969
1111,1111,+8296834663005
1112,1112,+1132163070186
1113,1113,+9282755811102
1114,1114,+5619162364670
1115,1115,+9500580615918
1116,1116,+4910984359721
1117,1117,+1479415964151
1118,1118,+3685588873171
1119,1119,+3310838372089
1120,1120,+2585587721763
1121,1121,+3567266698829
1122,1122,+8182652521084
1123,1123,+4787619434661
1124,1124,+6407035778442
1125,1125,+6182853271652
1126,1126,+5578881394698
1127,1127,+5073081461795
1128,1128,+2845895208749
1129,1129,+5561280056622
1130,1130,+6015308313421
1131,1131,+2448571511344
1132,1132,+3409988151750
1133,1133,+7712074428906
1134,1134,+2515377186612
1135,1135,+4969133841218
1136,1136,+6743954862362
1137,1137,+9759746759947
1138,1138,+9220452122393
1139,1139,+9273447485517
1140,1140,+9982906587456
1141,1141,+6677776707257
1142,1142,+3485322171540
1143,1143,+5564560635724
1144,1144,+1624481777633
1145,1145,+2251305810552
1146,1146,+4654927873434
1147,1147,+5414881346360
1148,1148,+3701528991063
1149,1149,+1446189916027
1150,1150,+7716919709724
1151,1151,+6828192521494
1152,1152,+5776138460611
1153,1153,+7921969797694
1154,1154,+9244074170991
1155,1155,+9844476647912
1156,1156,+9149026579995
1157,1157,+4622224192893
1158,1158,+4987917091611
1159,1159,+7119251834465
1160,1160,+5907200178147
1161,1161,+8424355904761
1162,1162,+7230567912223
1163,1163,+4351131876290
1164,1164,+3380054229174
1165,1165,+7526387815459
1166,1166,+9387200093193
1167,1167,+4005969755573
1168,1168,+2970165434578
1169,1169,+1178613713268
1170,1170,+1427079952908
1171,1171,+2771230976877
1172,1172,+3218901524614
1173,1173,+4899324676081
1174,1174,+3502655682652
1175,1175,+1632208465095
1176,1176,+5014603989337
1177,1177,+8308936197193
1178,1178,+2884650695945
1179,1179,+4958355083066
1180,1180,+6394316082966
1181,1181,+5304270695653
1182,1182,+7913053065549
1183,1183,+5999998551930
1184,1184,+5581823144145
1185,1185,+2541081224365
1186,1186,+7840732479455
1187,1187,+8541061343137
1188,1188,+4550758147993
1189,1189,+3487804208496
1190,1190,+5153071780332
1191,1191,+3503701635842
1192,1192,+7154633522774
1193,1193,+5575773568189
1194,1194,+8770850994357
1195,1195,+4531753436189
1196,1196,+4967571442375
1197,1197,+9032272096895
1198,1198,+2933863862132
1199,1199,+4915528573678
1200,1200,+2931927490899
1201,1201,+4518513258642
1202,1202,+3986663286768
1203,1203,+1116190037337
1204,1204,+1818710927945
1205,1205,+7343354963443
1206,1206,+3482161952381
1207,1207,+3895438738399
1208,1208,+8836814414984
1209,1209,+4469223697307
1210,1210,+9464819754135
1211,1211,+3732233601583
1212,1212,+2025351615465
1213,1213,+9637968068454
1214,1214,+8143129890513
1215,1215,+6441015433082
1216,1216,+8041097344616
1217,1217,+4384892354893
1218,1218,+8893275387347
1219,1219,+2798057609497
1220,1220,+3266673396158
1221,1221,+8015674084153
1222,1222,+2224925885446
1223,1223,+1759334917784
1224,1224,+5800305239171
1225,1225,+2718506982987
1226,1226,+1783779902831
1227,1227,+6900061735888
1228,1228,+8078993328116
1229,1229,+8837320052014
1230,1230,+8425280208555
1231,1231,+8136798197772
1232,1232,+7250340900117
1233,1233,+3477463023385
1234,1234,+6372399790877
1235,1235,+9545071586143
1236,1236,+1560658033783
1237,1237,+8349601501539
1238,1238,+3417146531471
1239,1239,+1240251872759
1240,1240,+5390106779978
1241,1241,+1468016056458
1242,1242,+1560579878390
1243,1243,+2906552189712
1244,1244,+2669830257838
1245,1245,+2367289280180
1246,1246,+6770695596977
1247,1247,+9695907162798
1248,1248,+8416043365667
1249,1249,+7912247762700
1250,1250,+9332453367978
1251,1251,+6349500570592
1252,1252,+9181230159212
1253,1253,+3252264655289
1254,1254,+7843539735211
1255,1255,+2467535837829
1256,1256,+8920075745919
1257,1257,+6213175417643
1258,1258,+5344178306256
1259,1259,+7998043635301
1260,1260,+3951620424237
1261,1261,+8093417962465
1262,1262,+5639240412723
1263,1263,+7347523347290
1264,1264,+1904082448622
1265,1265,+9595705821934
1266,1266,+9648114179650
1267,1267,+9571491522273
1268,1268,+6066578367010
1269,1269,+1590463907200
1270,1270,+4861055579087
1271,1271,+3482982661903
1272,1272,+1854359483451
1273,1273,+1551228281369
1274,1274,+6409438820027
1275,1275,+7819835271361
1276,1276,+5319676567288
1277,1277,+3245092214806
1278,1278,+9393841749843
1279,1279,+3101497777158
1280,1280,+9547045486242
1281,1281,+5055804319724
1282,1282,+9665642239985
1283,1283,+3051924672185
1284,1284,+8210347257002
1285,1285,+5193405421231
1286,1286,+2480352154294
1287,1287,+1973655854357
1288,1288,+4872809170161
1289,1289,+7961896933550
1290,1290,+5512418311082
1291,1291,+5334832111999
1292,1292,+4350024336897
1293,1293,+2196591885407
1294,1294,+2143584831459
1295,1295,+3683569854101
1296,1296,+9137454555209
1297,1297,+2728625905115
1298,1298,+7364321917720
1299,1299,+4060312294840
1300,1300,+9257397122442
1301,1301,+8684587448580
1302,1302,+6510356197559
1303,1303,+2139852761961
1304,1304,+7325359725959
1305,1305,+6285009313459
1306,1306,+8561260778441
1307,1307,+1586295828011
1308,1308,+3761925278818
1309,1309,+7901326769512
1310,1310,+7323353865586
1311,1311,+9635300615982
1312,1312,+4261829748343
1313,1313,+6355830375778
1314,1314,+5715665730554
1315,1315,+5141290559587
1316,1316,+3437969014529
1317,1317,+9780410715285
1318,1318,+5439167026773
1319,1319,+1310732074590
1320,1320,+8702196712405
1321,1321,+9644265304742
1322,1322,+3383032380686
1323,1323,+9512761169901
1324,1324,+6207371745502
1325,1325,+3501595921509
1326,1326,+3602310874795
1327,1327,+7372222184778
1328,1328,+2943667268552
1329,1329,+9194659249153
1330,1330,+2681479725411
1331,1331,+1474809388498
1332,1332,+6671036475578
1333,1333,+5241328366099
1334,1334,+6362270018362
1335,1335,+7633950211948
1336,1336,+5483897380250
1337,1337,+7930365268320
1338,1338,+9596083633113
1339,1339,+8373980198042
1340,1340,+1523356874265
1341,1341,+1384401744457
1342,1342,+6385465136538
1343,1343,+9736057226763
1344,1344,+1568519766947
1345,1345,+4892688682684
1346,1346,+4783728849169
1347,1347,+6116769268198
1348,1348,+1997021675475
1349,1349,+8654855504313
1350,1350,+3879786446393
1351,1351,+5845965341315
1352,1352,+2010287449745
1353,1353,+3815617173536
1354,1354,+6038659630277
1355,1355,+1300289036129
1356,1356,+9302017706663
1357,1357,+4097022373607
1358,1358,+4621234092342
1359,1359,+3865291061846
1360,1360,+4953311144472
1361,1361,+6251087326183
1362,1362,+1963114743597
1363,1363,+4778350761545
1364,1364,+9718621038641
1365,1365,+8650095283672
1366,1366,+7011078388949
1367,1367,+3864467830706
1368,1368,+5882635310266
1369,1369,+5693592860963
1370,1370,+9757347228149
1371,1371,+4730162578423
1372,1372,+3393240636203
1373,1373,+4439565202476
1374,1374,+1499933555463
1375,1375,+5149246797540
1376,1376,+7131584570460
1377,1377,+5867508972872
1378,1378,+8501608449422
1379,1379,+8780714565196
1380,1380,+2670899430330
1381,1381,+4993983789324
1382,1382,+4978227061263
1383,1383,+9900273503923
1384,1384,+8074544990206
1385,1385,+7025744379769
1386,1386,+6532054988153
1387,1387,+1875606939717
1388,1388,+3339001386225
1389,1389,+8675227143016
1390,1390,+4841394704549
1391,1391,+8071878099226
1392,1392,+2604050476597
1393,1393,+4315208218929
1394,1394,+4171475007306
1395,1395,+2902924740442
1396,1396,+4704133206638
1397,1397,+1289751168872
1398,1398,+3491902645325
1399,1399,+6207293843114
1400,1400,+5940470896266
1401,1401,+1466112858146
1402,1402,+9946748913850
1403,1403,+9292848245670
1404,1404,+3817358708771
1405,1405,+3000082240516
1406,1406,+3423295751257
1407,1407,+6662485071665
1408,1408,+6828632246040
1409,1409,+3905757478693
1410,1410,+3260464873200
1411,1411,+3270368199368
1412,1412,+8984607189779
1413,1413,+1537286002211
1414,1414,+3555447747792
1415,1415,+9395740325748
1416,1416,+4018648418892
1417,1417,+4700887316850
1418,1418,+7422295300801
1419,1419,+3468345893568
1420,1420,+4539654174154
1421,1421,+6506425216306
1422,1422,+3451640795052
1423,1423,+3860554241782
1424,1424,+9150968597610
1425,1425,+1613237305459
1426,1426,+1175047934612
1427,1427,+4126463134521
1428,1428,+3169212050467
1429,1429,+6794590927189
1430,1430,+5217075385123
1431,1431,+7988441458725
1432,1432,+3842669160941
1433,1433,+1274461610830
1434,1434,+9377690671202
1435,1435,+5432987610541
1436,1436,+4562547705531
1437,1437,+5417583356002
1438,1438,+9597493111656
1439,1439,+7148454660980
1440,1440,+9741778865718
1441,1441,+9422984177186
1442,1442,+3746777264260
1443,1443,+9798148097124
1444,1444,+3119798390972
1445,1445,+6393769028261
1446,1446,+1997746569649
1447,1447,+8660187531766
1448,1448,+8355367412202
1449,1449,+5927111434117
1450,1450,+5654333599813
1451,1451,+8107096374899
1452,1452,+2440777514526
1453,1453,+7517852881089
1454,1454,+4274709826671
1455,1455,+5424851776067
1456,1456,+9287997682157
1457,1457,+6335593422970
1458,1458,+7944998230565
1459,1459,+3906541116924
1460,1460,+1223002026514
1461,1461,+5524283908807
1462,1462,+1941525806831
1463,1463,+9685102786371
1464,1464,+6257135574736
1465,1465,+3520632720488
1466,1466,+9036285079844
1467,1467,+4675092298147
1468,1468,+6801584367952
1469,1469,+9600255375417
1470,1470,+8444660039775
1471,1471,+7578795943495
1472,1472,+3247912928700
1473,1473,+1524176509993
1474,1474,+3427163879641
1475,1475,+8489399318694
1476,1476,+7076276036689
1477,1477,+1098225302827
1478,1478,+7191035046710
1479,1479,+6972978361521
1480,1480,+4235290602705
1481,1481,+4369963693267
1482,1482,+4426427461217
1483,1483,+4244880412037
1484,1484,+6323685495240
1485,1485,+1011421945320
1486,1486,+6507846749692
1487,1487,+8306542987445
1488,1488,+3269856635666
1489,1489,+2285661393646
1490,1490,+8844803598233
1491,1491,+7704642868125
1492,1492,+5171887736784
1493,1493,+6341100700181
1494,1494,+1934613833136
1495,1495,+8254613694591
1496,1496,+7584038605641
1497,1497,+7936750933860
1498,1498,+1259564037527
1499,1499,+5030800915846
1500,1500,+7351200763883
1501,1501,+4126777730383
1502,1502,+1306434434454
1503,1503,+6099912223073
1504,1504,+2192601599930
1505,1505,+8221462772310
1506,1506,+6358295787215
1507,1507,+7538766404400
1508,1508,+7871332975810
1509,1509,+2378222623066
1510,1510,+3390822099771
1511,1511,+5087506703433
1512,1512,+1398490287118
1513,1513,+7182397200669
1514,1514,+5539036555066
1515,1515,+9226422871244
1516,1516,+4767122646421
1517,1517,+6300985012090
1518,1518,+6074922990052
1519,1519,+2132661891316
1520,1520,+6027056031096
1521,1521,+5055182799491
1522,1522,+3636014818820
1523,1523,+7368224449119
1524,1524,+8576191683924
1525,1525,+7940414827782
1526,1526,+9762122187679
1527,1527,+6388866231472
1528,1528,+6532973417188
1529,1529,+9763678991984
1530,1530,+6012746826210
1531,1531,+2336690364265
1532,1532,+2538230905972
1533,1533,+5073230736960
1534,1534,+5970795434813
1535,1535,+1854289441222
1536,1536,+3928160407395
1537,1537,+8215017681141
1538,1538,+7153727453046
1539,1539,+3366007628095
1540,1540,+8145803448450
1541,1541,+6780272732678
1542,1542,+8956573115795
1543,1543,+6324124129644
1544,1544,+5793217518030
1545,1545,+8957878395645
1546,1546,+7279222638387
1547,1547,+5809303163630
1548,1548,+4611370917774
1549,1549,+4744349269384
1550,1550,+8774724355198
1551,1551,+3945762452489
1552,1552,+9644852146951
1553,1553,+7123613232447
1554,1554,+9339956787935
1555,1555,+4887900704651
1556,1556,+6776540624194
1557,1557,+7226587931053
1558,1558,+8305880922672
1559,1559,+7347041465238
1560,1560,+7501337412932
1561,1561,+3410227640562
1562,1562,+3495203663591
1563,1563,+7347902760074
1564,1564,+2077268047767
1565,1565,+1291792213442
1566,1566,+4765787135297
1567,1567,+2242251822798
1568,1568,+7519187263424
1569,1569,+4651387331681
1570,1570,+5500077475975
1571,1571,+2337960859405
1572,1572,+6094663767579
1573,1573,+1179283736198
1574,1574,+9300119821731
1575,1575,+6222971263523
1576,1576,+8656643957943
1577,1577,+1338410420498
1578,1578,+4511678434315
1579,1579,+8777950189168
1580,1580,+2526861750309
1581,1581,+2596537543219
1582,1582,+2327457310564
1583,1583,+2501287790905
1584,1584,+8444335235813
1585,1585,+5011463808358
1586,1586,+7849822734202
1587,1587,+4414147127363
1588,1588,+8676940823138
1589,1589,+3166001318860
1590,1590,+1684939043278
1591,1591,+5096479648870
1592,1592,+7859547794153
1593,1593,+5762829275962
1594,1594,+3584104023476
1595,1595,+8300791351871
1596,1596,+5317217669459
1597,1597,+7866135778504
1598,1598,+3964473512594
1599,1599,+1965890497388
1600,1600,+6216017362972
1601,1601,+4734334488354
1602,1602,+6970776244151
1603,1603,+6113211977189
1604,1604,+1274320622890
1605,1605,+1972779192570
1606,1606,+2623194951030
1607,1607,+4986977716866
1608,1608,+7113095771915
1609,1609,+6842025753967
1610,1610,+4793385906943
1611,1611,+3731510631150
1612,1612,+9075760956791
1613,1613,+5151507975554
1614,1614,+1921202397683
1615,1615,+7740778104109
1616,1616,+9530466703946
1617,1617,+9663531560419
1618,1618,+4815824665810
1619,1619,+8968182071897
1620,1620,+3047350576115
1621,1621,+7264552952324
1622,1622,+4516165061748
1623,1623,+2390007953345
1624,1624,+9686689656417
1625,1625,+9340337065084
1626,1626,+5284835355547
1627,1627,+7028912758718
1628,1628,+2555708620867
1629,1629,+1976812229143
1630,1630,+6196805500222
1631,1631,+9303394708889
1632,1632,+9185035695954
1633,1633,+6231525144684
1634,1634,+3883499717392
1635,1635,+5972875056182
1636,1636,+4183609807206
1637,1637,+5268266707169
1638,1638,+1249933716826
1639,1639,+2755467765635
1640,1640,+5945809854000
1641,1641,+3627660462678
1642,1642,+4411128276936
1643,1643,+7461358657751
1644,1644,+1312277772603
1645,1645,+6033609376978
1646,1646,+3483101823314
1647,1647,+6508094824179
1648,1648,+4308340130340
1649,1649,+1781288780784
1650,1650,+8103344848146
1651,1651,+3325264580735
1652,1652,+2230136575588
1653,1653,+3309513118584
1654,1654,+5717128071642
1655,1655,+6532513867456
1656,1656,+7503869971682
1657,1657,+8524628686796
1658,1658,+7917264165136
1659,1659,+8079920779495
1660,1660,+6213999573391
1661,1661,+1353664769622
1662,1662,+5189634818112
1663,1663,+6124361836120
1664,1664,+3480369583220
1665,1665,+2440962787093
1666,1666,+5669104812760
1667,1667,+7876071883474
1668,1668,+4343397244021
1669,1669,+9132328711901
1670,1670,+5024468419860
1671,1671,+1441323373639
1672,1672,+6062283046339
1673,1673,+7641068515888
1674,1674,+3531852344333
1675,1675,+5636159761560
1676,1676,+2645427590206
1677,1677,+3013793842396
1678,1678,+4385284825342
1679,1679,+2749986701330
1680,1680,+1399531607889
1681,1681,+8639934556005
1682,1682,+2150859781049
1683,1683,+1525630016590
1684,1684,+1994858571157
1685,1685,+3380979066371
1686,1686,+8260911762521
1687,1687,+3934410997061
1688,1688,+9677359183420
1689,1689,+4783875428216
1690,1690,+1046499869689
1691,1691,+9121179842572
1692,1692,+1724586177256
1693,1693,+4478167521291
1694,1694,+2696135786391
1695,1695,+3219394117561
1696,1696,+8363993920265
1697,1697,+3729843467982
1698,1698,+5579606622580
1699,1699,+8119180554450
1700,1700,+5891585801727
1701,1701,+3278877541920
1702,1702,+2883563468272
1703,1703,+4631657277072
1704,1704,+5882906777878
1705,1705,+9516144828406
1706,1706,+4398734040234
1707,1707,+5610778484764
1708,1708,+2658078818479
1709,1709,+1887914297875
1710,1710,+3151292607136
1711,1711,+9641859557575
1712,1712,+1880777339323
1713,1713,+6313336641789
1714,1714,+6969452619322
1715,1715,+6678212779200
1716,1716,+9097219717722
1717,1717,+8307663650278
1718,1718,+4112894800653
1719,1719,+7786972713713
1720,1720,+8168087933443
1721,1721,+8062393128803
1722,1722,+1172979864811
1723,1723,+9250828840200
1724,1724,+5493443588926
1725,1725,+5876326942900
1726,1726,+4750432040458
1727,1727,+9719216387333
1728,1728,+7996909812342
1729,1729,+5430527110155
1730,1730,+1441424453821
1731,1731,+4966311562576
1732,1732,+3789155673784
1733,1733,+6743320577273
1734,1734,+9470187361220
1735,1735,+5729357327597
1736,1736,+2480266424796
1737,1737,+2026500459786
1738,1738,+6346253075208
1739,1739,+2569936090492
1740,1740,+8639040870867
1741,1741,+5998332770381
1742,1742,+7925068320378
1743,1743,+8983727576162
1744,1744,+6010181286068
1745,1745,+8815083060220
1746,1746,+8922305743081
1747,1747,+4746202583909
1748,1748,+4662590988314
1749,1749,+4572407236680
1750,1750,+3810162191944
1751,1751,+5918288838004
1752,1752,+5698101403044
1753,1753,+8284821006848
1754,1754,+5637654768832
1755,1755,+6868056291152
1756,1756,+3103398367387
1757,1757,+7093456004141
1758,1758,+5321385356060
1759,1759,+5364743872015
1760,1760,+3291275243417
1761,1761,+7633026804472
1762,1762,+6522340520479
1763,1763,+2812318577797
1764,1764,+4548069080411
1765,1765,+3806811442072
1766,1766,+7482191299580
1767,1767,+5451375546326
1768,1768,+8182185762357
1769,1769,+3721601634423
1770,1770,+7739383950231
1771,1771,+5767186542638
1772,1772,+1404059091102
1773,1773,+6498426386349
1774,1774,+1407444929137
1775,1775,+3385481304163
1776,1776,+5710906684738
1777,1777,+7973570208788
1778,1778,+7651453083273
1779,1779,+9947093562239
1780,1780,+6810044996578
1781,1781,+5696065896158
1782,1782,+8959976695957
1783,1783,+7711852174345
1784,1784,+3931266576414
1785,1785,+1319121290180
1786,1786,+9534878843661
1787,1787,+3931683687505
1788,1788,+8374687767342
1789,1789,+1113529713512
1790,1790,+8905981075507
1791,1791,+5306295498060
1792,1792,+4382927517184
1793,1793,+6854351281712
1794,1794,+1312530786669
1795,1795,+4221340558880
1796,1796,+4265342421158
1797,1797,+5303878180500
1798,1798,+3970907899147
1799,1799,+4964658242119
1800,1800,+9985604211598
1801,1801,+2212871236451
1802,1802,+9305632900247
1803,1803,+2809037399865
1804,1804,+2271069208358
1805,1805,+8651714585005
1806,1806,+1258834737707
1807,1807,+9195630797353
1808,1808,+1563546033821
1809,1809,+1014165640683
1810,1810,+1487138424707
1811,1811,+3153603561222
1812,1812,+7649885866955
1813,1813,+4138438451942
1814,1814,+3528780604358
1815,1815,+7768989903710
1816,1816,+9800022897484
1817,1817,+9674006897927
1818,1818,+4057276281182
1819,1819,+9666703459454
1820,1820,+5272916896064
1821,1821,+9452344945499
1822,1822,+9882659942933
1823,1823,+4318638512532
1824,1824,+2703033190440
1825,1825,+4338878689059
1826,1826,+2942838497328
1827,1827,+2024362414386
1828,1828,+6840773957719
1829,1829,+7737329283035
1830,1830,+9792944548499
1831,1831,+2396346398984
1832,1832,+3316658936740
1833,1833,+8944486597685
1834,1834,+1552408775731
1835,1835,+4338944973407
1836,1836,+4419928064884
1837,1837,+7603046439062
1838,1838,+8979650393457
1839,1839,+2476966751093
1840,1840,+4666460349059
1841,1841,+5038017888619
1842,1842,+2069630804813
1843,1843,+2187860629688
1844,1844,+2221226516500
1845,1845,+5221366134643
1846,1846,+4361145579821
1847,1847,+7076307425099
1848,1848,+9860616991478
1849,1849,+8170756111888
1850,1850,+7962423448395
1851,1851,+1676777151774
1852,1852,+8233238032545
1853,1853,+7869664502488
1854,1854,+5271401910762
1855,1855,+3721101636225
1856,1856,+9408941372855
1857,1857,+9031449604468
1858,1858,+8567953903874
1859,1859,+7839598380931
1860,1860,+1643026386863
1861,1861,+8229918976063
1862,1862,+6234275941349
1863,1863,+4889682712985
1864,1864,+7585508476330
1865,1865,+9257976653676
1866,1866,+5417851082014
1867,1867,+3778597439377
1868,1868,+3443482118462
1869,1869,+1524616925203
1870,1870,+1385196810336
1871,1871,+8318877388810
1872,1872,+9719536233299
1873,1873,+7304798202142
1874,1874,+1943627894047
1875,1875,+1389379253938
1876,1876,+2605331439029
1877,1877,+4956205875309
1878,1878,+4822578055765
1879,1879,+9758783317322
1880,1880,+2070433028090
1881,1881,+2647705351283
1882,1882,+8043821613229
1883,1883,+6370568831800
1884,1884,+5925379282567
1885,1885,+8544393285967
1886,1886,+8654965553343
1887,1887,+9958343691309
1888,1888,+6803756795090
1889,1889,+2939542783036
1890,1890,+2648575347189
1891,1891,+8744517667422
1892,1892,+5321414298316
1893,1893,+7875997441161
1894,1894,+2257299586650
1895,1895,+7991179985892
1896,1896,+1889911252153
1897,1897,+8816203225083
1898,1898,+6911933017489
1899,1899,+7651458257132
1900,1900,+8646484770104
1901,1901,+5230863304995
1902,1902,+2833277742987
1903,1903,+1606498834507
1904,1904,+9188061085416
1905,1905,+5759142631748
1906,1906,+5594957221916
1907,1907,+7931401657586
1908,1908,+6120425458806
1909,1909,+3492547500268
1910,1910,+5732578812770
1911,1911,+8119501265892
1912,1912,+7384674992513
1913,1913,+2977603556102
1914,1914,+9526340556346
1915,1915,+4829852377279
1916,1916,+7507415569498
1917,1917,+3121415058942
1918,1918,+1332319316901
1919,1919,+7966593141771
1920,1920,+9220528781128
1921,1921,+9531742426795
1922,1922,+6581669635640
1923,1923,+7961030704102
1924,1924,+5871190183225
1925,1925,+4813382964380
1926,1926,+4919416946979
1927,1927,+6287121430679
1928,1928,+1754480824793
1929,1929,+6011282108270
1930,1930,+7255977873981
1931,1931,+4609703127026
1932,1932,+8844335378053
1933,1933,+9051392773698
1934,1934,+4869297822914
1935,1935,+1596395963158
1936,1936,+8011748922558
1937,1937,+1069841894061
1938,1938,+4296560788033
1939,1939,+4463467202285
1940,1940,+5101218378826
1941,1941,+5528928189902
1942,1942,+6762126769162
1943,1943,+8334642061280
1944,1944,+2161931507371
1945,1945,+2667607003854
1946,1946,+6772315193055
1947,1947,+8809983896484
1948,1948,+5993949053170
1949,1949,+1493768475934
1950,1950,+4037581999713
1951,1951,+4980564790733
1952,1952,+1939990867068
1953,1953,+5903491352148
1954,1954,+4074345851888
1955,1955,+8428629965387
1956,1956,+3743069881657
1957,1957,+9008992341681
1958,1958,+6892515032235
1959,1959,+4636989284085
1960,1960,+7272752243527
1961,1961,+8220841757370
1962,1962,+8341392787529
1963,1963,+6807387547718
1964,1964,+3010625000740
1965,1965,+7504541839049
1966,1966,+2148957010206
1967,1967,+8745295530529
1968,1968,+8693235299614
1969,1969,+8390306510473
1970,1970,+1545869240263
1971,1971,+1753628456823
1972,1972,+5047935964067
1973,1973,+6103603325234
1974,1974,+4479159437998
1975,1975,+6088705331687
1976,1976,+8354685378413
1977,1977,+7543589002552
1978,1978,+6565434322056
1979,1979,+3432194780208
1980,1980,+3866066689349
1981,1981,+8230920624558
1982,1982,+2674289202896
1983,1983,+6419693209173
1984,1984,+7287222538703
1985,1985,+9080740542108
1986,1986,+2143509212409
1987,1987,+9758638010149
1988,1988,+8868799184608
1989,1989,+4607362266106
1990,1990,+9792527131309
1991,1991,+6710048099207
1992,1992,+2835274032792
1993,1993,+3182823564205
1994,1994,+6626289847812
1995,1995,+6249941328258
1996,1996,+2708975462855
1997,1997,+1797941773224
1998,1998,+1538369149268
1999,1999,+5295996711630
2000,2000,+4154263368330
2001,2001,+7786930715962
2002,2002,+3428997689271
2003,2003,+3780768288634
2004,2004,+7796080504230
2005,2005,+4703536161080
2006,2006,+8259966205947
2007,2007,+1266961947235
2008,2008,+7849600892578
2009,2009,+2720710753439
2010,2010,+7582530709567
2011,2011,+6543047334946
2012,2012,+6584816157314
2013,2013,+6677008203454
2014,2014,+6177902238369
2015,2015,+3695447007180
2016,2016,+2605634246448
2017,2017,+1487502167991
2018,2018,+1766679988283
2019,2019,+8668960030383
2020,2020,+9728375314915
2021,2021,+3617444709163
2022,2022,+3747516459273
2023,2023,+8078094330103
2024,2024,+3514914706379
2025,2025,+6094114247279
2026,2026,+7738491928134
2027,2027,+3874262181500
2028,2028,+8701155621232
2029,2029,+4009249800207
2030,2030,+2790087632765
2031,2031,+3426035066799
2032,2032,+4594626351350
2033,2033,+4571835001414
2034,2034,+7577987650623
2035,2035,+7586966967507
2036,2036,+2552974751182
2037,2037,+4217443142025
2038,2038,+9487672179922
2039,2039,+8101110326862
2040,2040,+9347904857300
2041,2041,+3082566378096
2042,2042,+8530884310167
2043,2043,+6582820679735
2044,2044,+6270773388490
2045,2045,+9220924252545
2046,2046,+3000299309203
2047,2047,+4100260105474
2048,2048,+8343737254145
2049,2049,+9984213026256
2050,2050,+7875246817335
2051,2051,+2785299109921
2052,2052,+6821135403554
2053,2053,+7877029235764
2054,2054,+6484812084853
2055,2055,+2221380955044
2056,2056,+6821037199336
2057,2057,+6038376705923
2058,2058,+5250463190326
2059,2059,+9113627847915
2060,2060,+8504871307713
2061,2061,+6987328478678
2062,2062,+1419968446854
2063,2063,+1817429091041
2064,2064,+4227282255867
2065,2065,+2490193325565
2066,2066,+4085386687300
2067,2067,+5571964321260
2068,2068,+6358062773933
2069,2069,+1670984806752
2070,2070,+5073670877995
2071,2071,+7864821360414
2072,2072,+7115884890227
2073,2073,+8261215215411
2074,2074,+5203275518636
2075,2075,+4038715976509
2076,2076,+7423582545344
2077,2077,+1354234999003
2078,2078,+8103019900768
2079,2079,+1337251301199
2080,2080,+1134088782960
2081,2081,+9879570819120
2082,2082,+2474247318285
2083,2083,+1197136604985
2084,2084,+9763877754578
2085,2085,+5204177326906
2086,2086,+8259646949247
2087,2087,+5002667213252
2088,2088,+2424909954838
2089,2089,+2758621891474
2090,2090,+6257680768627
2091,2091,+3465010009284
2092,2092,+1052397124031
2093,2093,+4325830922785
2094,2094,+8108349091284
2095,2095,+7076836835732
2096,2096,+8819705103375
2097,2097,+4197196814511
2098,2098,+6498427313884
2099,2099,+6891386834309
2100,2100,+3614505767999
2101,2101,+3732343055287
2102,2102,+8117508355575
2103,2103,+5143454958272
2104,2104,+7092042479128
2105,2105,+7800633984852
2106,2106,+2930354052596
2107,2107,+2393058064167
2108,2108,+3661566575337
2109,2109,+2977589906395
2110,2110,+2583555803079
2111,2111,+2843129530493
2112,2112,+2352792621114
2113,2113,+4284186089180
2114,2114,+4324892134264
2115,2115,+6290853450798
2116,2116,+8775902319016
2117,2117,+4534744162009
2118,2118,+1735980725706
2119,2119,+4137857136944
2120,2120,+6747227344755
2121,2121,+2288189822434
2122,2122,+1368873822904
2123,2123,+4131697359984
2124,2124,+9977032379302
2125,2125,+1692482297339
2126,2126,+9085051413030
2127,2127,+2705295221944
2128,2128,+6826198228158
2129,2129,+5133082435346
2130,2130,+7979203185136
2131,2131,+8221679360554
2132,2132,+6247813339225
2133,2133,+1724967058925
2134,2134,+1826710643028
2135,2135,+5868016222974
2136,2136,+5490814162779
2137,2137,+9029497468117
2138,2138,+3572490717566
2139,2139,+1127024179290
2140,2140,+7950788253497
2141,2141,+9607956837656
2142,2142,+1304075795283
2143,2143,+4738954141787
2144,2144,+6119263341454
2145,2145,+4816563742470
2146,2146,+8036844203988
2147,2147,+4579691854263
2148,2148,+3158221728812
2149,2149,+6101242159497
2150,2150,+4748905439389
2151,2151,+6933937036325
2152,2152,+8980646003342
2153,2153,+7595281471872
2154,2154,+3137463178507
2155,2155,+1256784421200
2156,2156,+1733723132991
2157,2157,+3876583747202
2158,2158,+4598866386571
2159,2159,+3131189521508
2160,2160,+6804718928450
2161,2161,+3671000404157
2162,2162,+4399577724463
2163,2163,+5428669379338
2164,2164,+1775274811935
2165,2165,+6718655463583
2166,2166,+1348503270720
2167,2167,+3904466265033
2168,2168,+1015429016914
2169,2169,+4340458366712
2170,2170,+9294289570121
2171,2171,+9949504100930
2172,2172,+1586364920752
2173,2173,+2186732369919
2174,2174,+7579030909703
2175,2175,+3025601668807
2176,2176,+4772070634942
2177,2177,+2835961828619
2178,2178,+8995844333859
2179,2179,+5750884216054
2180,2180,+7760294225942
2181,2181,+4443724569256
2182,2182,+5281739254051
2183,2183,+2340475551556
2184,2184,+6890931433132
2185,2185,+8338660628484
2186,2186,+7876463553723
2187,2187,+4263781817685
2188,2188,+1411885272000
2189,2189,+7613190176627
2190,2190,+9368409892548
2191,2191,+3841223499557
2192,2192,+6513974244471
2193,2193,+7069253111994
2194,2194,+3206307589388
2195,2195,+8058907771727
2196,2196,+2971524983793
2197,2197,+5221808287027
2198,2198,+1491811971577
2199,2199,+4681994110522
2200,2200,+9369056123871
2201,2201,+1683639358741
2202,2202,+5814642511371
2203,2203,+2424033204157
2204,2204,+7291584939316
2205,2205,+9443742502079
2206,2206,+8442047389975
2207,2207,+6717570006726
2208,2208,+5048286901637
2209,2209,+7516119815630
2210,2210,+6011831190698
2211,2211,+1023930883079
2212,2212,+3220488043876
2213,2213,+2812819833193
2214,2214,+2440290797947
2215,2215,+5485480238585
2216,2216,+2187333434626
2217,2217,+3567392240304
2218,2218,+5771816234256
2219,2219,+5553249764096
2220,2220,+1612390330061
2221,2221,+5418957800439
2222,2222,+7726133816940
2223,2223,+4593132187736
2224,2224,+9767084856360
2225,2225,+7533205793002
2226,2226,+4036979869671
2227,2227,+2134075264873
2228,2228,+5587634916594
2229,2229,+4533395419776
2230,2230,+7555934884437
2231,2231,+6996936732969
2232,2232,+1102064176851
2233,2233,+5589107054161
2234,2234,+7725752731318
2235,2235,+3049349309404
2236,2236,+7884217038937
2237,2237,+6898926010440
2238,2238,+8691531025753
2239,2239,+7797290762144
2240,2240,+2118598829036
2241,2241,+8217468099395
2242,2242,+7215490406793
2243,2243,+2185890888365
2244,2244,+1551885926250
2245,2245,+3071078966092
2246,2246,+9081983495765
2247,2247,+5111065083603
2248,2248,+2743848647597
2249,2249,+5961120741707
2250,2250,+5430152835588
2251,2251,+4304629768515
2252,2252,+3385632169518
2253,2253,+6409213094079
2254,2254,+2908412074896
2255,2255,+6562238559131
2256,2256,+6780408065001
2257,2257,+8587195294015
2258,2258,+7025810801014
2259,2259,+9254846677890
2260,2260,+9777617349455
2261,2261,+3442237313662
2262,2262,+3280492063239
2263,2263,+6693486768208
2264,2264,+3680969824251
2265,2265,+9830725564730
2266,2266,+3067409920077
2267,2267,+8876298344852
2268,2268,+9524648954682
2269,2269,+9085097421256
2270,2270,+2838444635386
2271,2271,+3074819130034
2272,2272,+9763953470182
2273,2273,+4523043261724
2274,2274,+4694670541126
2275,2275,+2363921703989
2276,2276,+8572466540262
2277,2277,+2637732565408
2278,2278,+3197875198930
2279,2279,+4373762058385
2280,2280,+6591989883024
2281,2281,+2945969575243
2282,2282,+9311097689776
2283,2283,+3056584441881
2284,2284,+6722402789053
2285,2285,+2200675318738
2286,2286,+1967339522127
2287,2287,+2516930730442
2288,2288,+1372878841939
2289,2289,+9645283656952
2290,2290,+9583705442819
2291,2291,+7332191093879
2292,2292,+8525947723484
2293,2293,+8750813735939
2294,2294,+7715712752321
2295,2295,+2617463810730
2296,2296,+7400480148360
2297,2297,+6459925410233
2298,2298,+4189618913311
2299,2299,+3967582828435
2300,2300,+7342206100705
2301,2301,+5360494483151
2302,2302,+9953236315226
2303,2303,+8943734554515
2304,2304,+1493838287135
2305,2305,+1607830021686
2306,2306,+9102853128661
2307,2307,+8475987972026
2308,2308,+1071183696668
2309,2309,+1573763912867
2310,2310,+7539734526031
2311,2311,+6473347469219
2312,2312,+4113412735365
2313,2313,+6663450657816
2314,2314,+7589855964925
2315,2315,+9437824978053
2316,2316,+8892464685998
2317,2317,+2455139653166
2318,2318,+5494499037829
2319,2319,+7229912463265
2320,2320,+1851165985851
2321,2321,+7309844941688
2322,2322,+3699215841594
2323,2323,+6737170105436
2324,2324,+4688299278543
2325,2325,+3985350953641
2326,2326,+1938139764816
2327,2327,+9498930357646
2328,2328,+7904166686514
2329,2329,+9097370308610
2330,2330,+8090379690593
2331,2331,+3803693533117
2332,2332,+1315729376098
2333,2333,+1712730303648
2334,2334,+6231685430227
2335,2335,+4403401478457
2336,2336,+1013313913183
2337,2337,+6558615520759
2338,2338,+4582134208349
2339,2339,+1595863270095
2340,2340,+7203603276814
2341,2341,+9263410667792
2342,2342,+4615366846347
2343,2343,+4368948147417
2344,2344,+5163744716303
2345,2345,+6280156543649
2346,2346,+7605646867976
2347,2347,+3987402229192
2348,2348,+3545646123167
2349,2349,+2908337950426
2350,2350,+4654842028455
2351,2351,+6939209800176
2352,2352,+8676588280392
2353,2353,+5313744842204
2354,2354,+9394366313348
2355,2355,+1311867049411
2356,2356,+2416198597389
2357,2357,+8323928832983
2358,2358,+4929405606340
2359,2359,+6443012816962
2360,2360,+2884886265032
2361,2361,+9186089498066
2362,2362,+6478822915947
2363,2363,+6799143836695
2364,2364,+2227852684740
2365,2365,+5101051231799
2366,2366,+7771558908316
2367,2367,+9248987832693
2368,2368,+1254983925859
2369,2369,+3047068354536
2370,2370,+9696352027703
2371,2371,+1730398917337
2372,2372,+3080879103272
2373,2373,+2147092404019
2374,2374,+6731471619466
2375,2375,+7612514349926
2376,2376,+4233214980886
2377,2377,+8982345258819
2378,2378,+7713048152921
2379,2379,+3945036186460
2380,2380,+7972091700810
2381,2381,+7189177670866
2382,2382,+6136901058528
2383,2383,+5208953989350
2384,2384,+6122845332852
2385,2385,+4694664324833
2386,2386,+2478995361359
2387,2387,+2979799836716
2388,2388,+9990910793878
2389,2389,+1743855974229
2390,2390,+6782318475881
2391,2391,+7115964441667
2392,2392,+5381113386134
2393,2393,+1248467419665
2394,2394,+7748052470153
2395,2395,+1783676084365
2396,2396,+6347428444586
2397,2397,+3599898562094
2398,2398,+4231613162995
2399,2399,+1561620023447
2400,2400,+1273145272203
2401,2401,+1313413814249
2402,2402,+2830065010063
2403,2403,+8142420016302
2404,2404,+9662989388883
2405,2405,+7886549529044
2406,2406,+9284145566624
2407,2407,+9389923869599
2408,2408,+6190312336161
2409,2409,+8332122048811
2410,2410,+4096981684332
2411,2411,+7169223467751
2412,2412,+9420014660981
2413,2413,+7708989083876
2414,2414,+7715460787719
2415,2415,+6677640078378
2416,2416,+5176827438713
2417,2417,+4582760109506
2418,2418,+2918924871892
2419,2419,+6234111396605
2420,2420,+2459260410250
2421,2421,+2546474385194
2422,2422,+4584179698071
2423,2423,+7679279677761
2424,2424,+7247753092118
2425,2425,+6181902465793
2426,2426,+8347149865641
2427,2427,+7878469933931
2428,2428,+5493954609133
2429,2429,+4481317467807
2430,2430,+8694468005080
2431,2431,+3840122581416
2432,2432,+9480823931314
2433,2433,+7497594540813
2434,2434,+8621132444973
2435,2435,+3567264140622
2436,2436,+7083163414343
2437,2437,+1283616703522
2438,2438,+4293123427734
2439,2439,+2565457091338
2440,2440,+5973241518933
2441,2441,+6784291460045
2442,2442,+4719480720816
2443,2443,+5642575519155
2444,2444,+8670086312839
2445,2445,+2487612026745
2446,2446,+1847074798347
2447,2447,+4669751274040
2448,2448,+1257407247886
2449,2449,+4664423069676
2450,2450,+1683553180142
2451,2451,+4205432020264
2452,2452,+4979515285034
2453,2453,+1861929726287
2454,2454,+6821730175533
2455,2455,+2267911139943
2456,2456,+6306209195528
2457,2457,+8287767006625
2458,2458,+1698022929245
2459,2459,+6831928808256
2460,2460,+4341013787942
2461,2461,+2038825426517
2462,2462,+5166114093703
2463,2463,+4731375372747
2464,2464,+2584997517967
2465,2465,+9832217187481
2466,2466,+8065834113174
2467,2467,+5320296642887
2468,2468,+5377701522366
2469,2469,+7275998743859
2470,2470,+5239129920527
2471,2471,+2987766044046
2472,2472,+8838571464570
2473,2473,+8481928178917
2474,2474,+8053327798086
2475,2475,+7981611441055
2476,2476,+1761686013314
2477,2477,+6794486991512
2478,2478,+6429088937453
2479,2479,+1208814935001
2480,2480,+7268168429562
2481,2481,+4220295256118
2482,2482,+4036485978675
2483,2483,+7948638536716
2484,2484,+7915585584074
2485,2485,+1735319643388
2486,2486,+6311333562527
2487,2487,+7165302106021
2488,2488,+5800251028072
2489,2489,+5257006958869
2490,2490,+8805043235311
2491,2491,+7975349284015
2492,2492,+6190044350489
2493,2493,+6401982212366
2494,2494,+9231587385283
2495,2495,+7915510806612
2496,2496,+1000353019599
2497,2497,+9770854556607
2498,2498,+8356744144291
2499,2499,+8504108958563
2500,2500,+4996292164873
2501,2501,+1187049401040
2502,2502,+4410343548882
2503,2503,+3369464907647
2504,2504,+2297632132635
2505,2505,+8839524113829
2506,2506,+5251077749547
2507,2507,+2234171680524
2508,2508,+6571403424022
2509,2509,+2683013898193
2510,2510,+9025679566347
2511,2511,+3067569493195
2512,2512,+9569303115538
2513,2513,+8815032906500
2514,2514,+9325245394644
2515,2515,+1507778152100
2516,2516,+2686657800000
2517,2517,+5775342447441
2518,2518,+6816850371971
2519,2519,+8812514489194
2520,2520,+4554017957496
2521,2521,+7237274586737
2522,2522,+8712231302804
2523,2523,+1414172181918
2524,2524,+5668413077604
2525,2525,+2578874824368
2526,2526,+3499174191042
2527,2527,+1408981172320
2528,2528,+4638907490544
2529,2529,+6267880924335
2530,2530,+5512863617286
2531,2531,+8052688469883
2532,2532,+9732456021619
2533,2533,+3174987997406
2534,2534,+5565052891110
2535,2535,+5856433506541
2536,2536,+4861718709447
2537,2537,+2730178966863
2538,2538,+9397406026290
2539,2539,+3759330761492
2540,2540,+8171548749903
2541,2541,+6821672068048
2542,2542,+6878213991201
2543,2544,+7014781818102
2544,2545,+6642935975759
2545,2546,+8542369123954
2546,2547,+8981212346866
2547,2548,+8386105486529
2548,2549,+5328230865339
2549,2550,+4045533849558
2550,2551,+5367353649522
2551,2552,+7287929594918
2552,2553,+9765211050830
2553,2554,+7447489344343
2554,2555,+9233534283177
2555,2556,+7631817838745
2556,2557,+6535575968652
2557,2558,+3969175150184
2558,2559,+5562813071070
2559,2560,+9626921773989
2560,2561,+7411367880127
2561,2562,+5804066342489
2562,2563,+3157104857337
2563,2564,+5644810999283
2564,2565,+4780935918053
2565,2566,+6132888893645
2566,2567,+7770566270911
2567,2568,+3393952131408
2568,2569,+5815131948135
2569,2570,+2133485194083
2570,2571,+6187629667146
2571,2572,+4756918183643
2572,2573,+7328305916070
2573,2574,+8302003984254
2574,2575,+1932577938038
2575,2576,+2435013665501
2576,2577,+6240507946218
2577,2578,+1573879557389
2578,2579,+9186374549148
2579,2580,+9392983862277
2580,2581,+3398525524422
2581,2582,+6206391973703
2582,2583,+2792728865540
2583,2584,+2646693505835
2584,2585,+7915575531317
2585,2586,+4112518076252
2586,2587,+1837025804046
2587,2588,+8553186848831
2588,2589,+9615053134862
2589,2590,+4125119912787
2590,2591,+3661361990356
2591,2592,+7796006839731
2592,2593,+9317339352349
2593,2594,+4021333054113
2594,2595,+2502590722934
2595,2596,+6809932044101
2596,2597,+8401660792976
2597,2598,+5173782508968
2598,2599,+5552258248745
2599,2600,+8655982658121
2600,2601,+4319347511247
2601,2602,+3743328871126
2602,2603,+9688102680396
2603,2604,+8220350755208
2604,2605,+9418399240275
2605,2606,+2724140512268
2606,2607,+4916879236603
2607,2608,+4323338424989
2608,2609,+2559736624839
2609,2610,+4295588182160
2610,2611,+8910575209985
2611,2612,+6600652051964
2612,2613,+6671807303332
2613,2614,+8450559254774
2614,2615,+8909406905537
2615,2616,+2479410560039
2616,2617,+9404997332517
2617,2618,+9331101678693
2618,2619,+2998117128104
2619,2620,+1017523872749
2620,2621,+4765726590431
2621,2622,+6060209336201
2622,2623,+7267930017015
2623,2624,+8178186846497
2624,2625,+1880517102988
2625,2626,+4864375430817
2626,2627,+9522266253835
2627,2628,+3935181869444
2628,2629,+7384048681669
2629,2630,+4135124570282
2630,2631,+6193917475142
2631,2632,+5795777289266
2632,2633,+4973215836699
2633,2634,+4817825522767
2634,2635,+5449504612214
2635,2636,+9719390499038
2636,2637,+3335441068511
2637,2638,+5406177496504
2638,2639,+8918282671954
2639,2640,+6340969686112
2640,2641,+6339529916168
2641,2642,+7691576720218
2642,2643,+4747872138867
2643,2644,+1784034734468
2644,2645,+3489184508898
2645,2646,+3306047577567
2646,2647,+1971527135467
2647,2648,+6052899610649
2648,2649,+5718209042503
2649,2650,+9161209470459
2650,2651,+9413314564204
2651,2652,+6881224658953
2652,2653,+6598073725609
2653,2654,+8747162934074
2654,2655,+1052184455205
2655,2656,+2399202495136
2656,2657,+9706894704626
2657,2658,+3583062326907
2658,2659,+6112156077375
2659,2660,+4417152844317
2660,2661,+2591533965157
2661,2662,+7933596697904
2662,2663,+8216530827004
2663,2664,+6416584158230
2664,2665,+9796595135339
2665,2666,+4230207393859
2666,2667,+7314098582491
2667,2668,+7644025484969
2668,2669,+5685680557015
2669,2670,+9253276782442
2670,2671,+3233502501391
2671,2672,+8253714688783
2672,2673,+4467785362252
2673,2674,+3090644883873
2674,2675,+5047591600107
2675,2676,+6570221171101
2676,2677,+7661270437447
2677,2678,+4594965877334
2678,2679,+4346420029762
2679,2680,+6634030563268
2680,2681,+9864531771670
2681,2682,+6586660001328
2682,2683,+9257852369112
2683,2684,+1252291564335
2684,2685,+1955791292821
2685,2686,+6631119569074
2686,2687,+9518584175807
2687,2688,+2108729994873
2688,2689,+3947533106919
2689,2690,+7720601613468
2690,2691,+2063328873739
2691,2692,+1458411444903
2692,2693,+8748112069323
2693,2694,+1815111257087
2694,2695,+7688140318281
2695,2696,+4650705257334
2696,2697,+3205292432581
2697,2698,+8568161692561
2698,2699,+9949974291667
2699,2700,+3890363243960
2700,2701,+5468164602865
2701,2702,+5983056625965
2702,2703,+1314859886831
2703,2704,+1164765695072
2704,2705,+6391113728942
2705,2706,+1228554475451
2706,2707,+5732054496520
2707,2708,+4158000283303
2708,2709,+1368305139915
2709,2710,+1007754517100
2710,2711,+6067986549335
2711,2712,+5862793696316
2712,2713,+9245658356269
2713,2714,+2050501133166
2714,2715,+5604494505357
2715,2716,+6545728944241
2716,2717,+8482647247320
2717,2718,+7459861915927
2718,2719,+9644605662867
2719,2720,+9872948602394
2720,2721,+4195655943997
2721,2722,+1014366524780
2722,2723,+4344471471709
2723,2724,+4109965785001
2724,2725,+1613881806671
2725,2726,+6304743526252
2726,2727,+3344490533358
2727,2728,+5662933739841
2728,2729,+5573046810810
2729,2730,+8653738695053
2730,2731,+5517370319402
2731,2732,+2177430932395
2732,2733,+5823705092886
2733,2734,+4214044066757
2734,2735,+8409103324729
2735,2736,+7458038194928
2736,2737,+3542253057218
2737,2738,+6678427358232
2738,2739,+7243339403733
2739,2740,+9802369456032
2740,2741,+7994523516661
2741,2742,+6993539726397
2742,2743,+5458708924026
2743,2744,+1771122488102
2744,2745,+4305897219741
2745,2746,+8772135838119
2746,2747,+9351209342759
2747,2748,+1994230190103
2748,2749,+2099108620005
2749,2751,+2483808877489
2750,2752,+8047754522431
2751,2753,+2056869374437
2752,2754,+7514492337590
2753,2755,+2636677134957
2754,2756,+5987170865323
2755,2757,+9953503305579
2756,2758,+7724701150480
2757,2759,+3940344370085
2758,2760,+2779294634319
2759,2761,+7050156556642
2760,2762,+7142831803062
2761,2763,+2474218715075
2762,2764,+7417867405970
2763,2765,+8243359357064
2764,2766,+7165987819042
2765,2767,+4005371441783
2766,2768,+9215899077563
2767,2769,+5054119096003
2768,2770,+3940179117999
2769,2771,+7584732169094
2770,2772,+1014112414391
2771,2773,+4281293083455
2772,2774,+2753879041197
2773,2775,+7169753308592
2774,2776,+9611762496598
2775,2777,+3139803085568
2776,2778,+9910211331089
2777,2779,+1307357887761
2778,2780,+6512168049430
2779,2781,+6163866122309
2780,2782,+5917850385255
2781,2783,+9050544174984
2782,2784,+8683206908642
2783,2785,+5226737834793
2784,2786,+9026963545213
2785,2787,+3533266407059
2786,2788,+7400267768339
2787,2789,+4089607251127
2788,2790,+3735269443839
2789,2791,+1250753055036
2790,2792,+5315076913772
2791,2793,+3929120164002
2792,2794,+4207416277781
2793,2795,+9677211377043
2794,2796,+7505291797524
2795,2797,+7171883181515
2796,2798,+3557177849010
2797,2799,+6292368790584
2798,2800,+4800885540105
2799,2801,+1196688938284
2800,2802,+7513371309789
2801,2803,+1143683356673
2802,2804,+8056641903354
2803,2805,+5197659180429
2804,2806,+5479029452966
2805,2807,+4749190848224
2806,2808,+4208559616638
2807,2809,+3851762715576
2808,2810,+4034589401756
2809,2811,+4547372745941
2810,2812,+3767304814316
2811,2813,+7635456623771
2812,2814,+9746554543515
2813,2815,+6070023365019
2814,2816,+4593082888715
2815,2817,+4697645506914
2816,2818,+9854066139597
2817,2819,+6079987245401
2818,2820,+2219910516718
2819,2821,+5899884547549
2820,2822,+5594210883538
2821,2823,+5255450338291
2822,2824,+4879123514932
2823,2825,+6030904503271
2824,2826,+6851003345654
2825,2827,+1647962813458
2826,2828,+3610117924403
2827,2829,+2563813028261
2828,2830,+7820630597205
2829,2831,+3157851472068
2830,2832,+6914256423112
2831,2833,+8845344804802
2832,2834,+7693587913414
2833,2835,+9806371531080
2834,2836,+3524240689794
2835,2837,+7410334122904
2836,2838,+7629213739449
2837,2839,+7443533527477
2838,2840,+3880078423754
2839,2841,+9344164910413
2840,2842,+7394070121115
2841,2843,+1896172461325
2842,2844,+5565554153591
2843,2845,+8083401784172
2844,2846,+8966741652857
2845,2847,+7624868951219
2846,2848,+7549354041563
2847,2849,+5223711784156
2848,2850,+6281565514834
2849,2851,+2425867044502
2850,2852,+8270796947159
2851,2853,+1172201932611
2852,2854,+1230737670419
2853,2855,+9208338896081
2854,2856,+4918338869264
2855,2857,+8071649675508
2856,2858,+8388758890742
2857,2859,+7387444371700
2858,2860,+3894580453755
2859,2861,+2149546962141
2860,2862,+6625506508236
2861,2863,+5817436847414
2862,2864,+4698252519455
2863,2865,+4555533330991
2864,2866,+9338898398336
2865,2867,+8876415042473
2866,2868,+7042702945929
2867,2869,+5062135284264
2868,2870,+5299110454814
2869,2871,+4799340816015
2870,2872,+3560636995330
2871,2873,+7200046511605
2872,2874,+5931978957233
2873,2875,+7211513041833
2874,2876,+2761876459046
2875,2877,+5154574604933
2876,2878,+4475477399525
2877,2879,+7633551582472
2878,2880,+8239239106518
2879,2881,+6885498133199
2880,2882,+8543442843970
2881,2883,+6465891100256
2882,2884,+4168629839792
2883,2885,+1579277868034
2884,2886,+7785515471041
2885,2887,+7542549195169
2886,2888,+7752547303100
2887,2889,+9473806270901
2888,2890,+4856776385942
2889,2891,+3002044961349
2890,2892,+3810626720264
2891,2893,+5713702452555
2892,2894,+9827755486640
2893,2895,+3214358729731
2894,2896,+9755344723912
2895,2897,+6935133207318
2896,2898,+7608281277622
2897,2899,+1973475530743
2898,2900,+8292774106295
2899,2901,+3308923694988
2900,2902,+4242369915627
2901,2903,+8351630767668
2902,2904,+2195388878301
2903,2905,+4189355588068
2904,2906,+1960126146146
2905,2907,+2807826958341
2906,2908,+4114396778079
2907,2909,+4481366671587
2908,2910,+7034757419518
2909,2911,+9386284886554
2910,2912,+8276052710619
2911,2913,+2066256288485
2912,2914,+3396079891968
2913,2915,+1473592552264
2914,2916,+5982171353812
2915,2917,+8325279259466
2916,2918,+4363173743762
2917,2919,+1273968609004
2918,2920,+1080756491332
2919,2921,+9324120215657
2920,2922,+3456986700151
2921,2923,+2313165119247
2922,2924,+6358871728216
2923,2925,+2820563174492
2924,2926,+3801176857577
2925,2927,+3112437093026
2926,2928,+7535395336721
2927,2929,+8184119900437
2928,2930,+4112038153495
2929,2931,+4732686829155
2930,2932,+2499983530390
2931,2933,+1518201429581
2932,2934,+1575460773670
2933,2935,+6565532179505
2934,2936,+5417399066652
2935,2937,+9698314970669
2936,2938,+8174252436076
2937,2939,+1360514571480
2938,2940,+2620795036556
2939,2941,+5493585238331
2940,2942,+2387339234864
2941,2943,+4072196168607
2942,2944,+9343747737303
2943,2945,+2103292894629
2944,2946,+6295068105401
2945,2947,+6353874279406
2946,2948,+6215520613956
2947,2949,+2049013721222
2948,2950,+6686824438501
2949,2951,+2699157870976
2950,2952,+2706165965893
2951,2953,+1795394733036
2952,2954,+4101628847147
2953,2955,+8067494318658
2954,2956,+1826974370802
2955,2957,+9410448786437
2956,2958,+1292079409973
2957,2959,+7105482546832
2958,2960,+5155038218856
2959,2961,+7885298326880
2960,2962,+3334964334213
2961,2963,+2919916273670
2962,2964,+4856171656654
2963,2965,+4252878365604
2964,2966,+9530925590749
2965,2967,+2744035265407
2966,2968,+9394903299694
2967,2969,+5649449638443
2968,2970,+3458491905189
2969,2971,+9781232222142
2970,2972,+3574825947231
2971,2973,+5571934491637
2972,2974,+7278385462564
2973,2975,+5413963601642
2974,2976,+7204036499185
2975,2977,+9225686861563
2976,2978,+6997434102885
2977,2979,+7423903859106
2978,2980,+2373296167753
2979,2981,+8436998126930
2980,2982,+3617671418658
2981,2983,+4184987231883
2982,2984,+4009452263411
2983,2985,+4424816848555
2984,2986,+7241934293313
2985,2987,+2359380710692
2986,2988,+2970733765889
2987,2989,+6818725316806
2988,2990,+7154498718651
2989,2991,+7705954920445
2990,2992,+5319021282690
2991,2993,+4130708108576
2992,2994,+6640966357407
2993,2995,+2602859313619
2994,2996,+7636211889577
2995,2997,+8747853167725
2996,2998,+2412793556991
2997,2999,+9991820474819
2998,3000,+9216510452039
2999,3001,+7472190131968
3000,3002,+1086412559578
3001,3003,+9116925458889
3002,3004,+3632409543965
3003,3005,+2668503433693
3004,3006,+4774506081311
3005,3007,+5343032269812
3006,3008,+3557820864941
3007,3009,+8041482399251
3008,3010,+5565108728406
3009,3011,+5479236639528
3010,3012,+1579160793935
3011,3013,+7648258887435
3012,3014,+5488505723339
3013,3015,+4969365182600
3014,3016,+6170915935230
3015,3017,+4597322484858
3016,3018,+1964365014200
3017,3019,+6650566101800
3018,3020,+9753545719996
3019,3021,+8284643290453
3020,3022,+3404636896405
3021,3023,+8687413633774
3022,3024,+1502448657008
3023,3025,+2674983515982
3024,3026,+5415903480710
3025,3027,+8264368634407
3026,3028,+2306179321412
3027,3029,+3057335921151
3028,3030,+6307279541522
3029,3031,+9161699647692
3030,3032,+7078664055716
3031,3033,+6442861801093
3032,3034,+7676328304203
3033,3035,+7153336193825
3034,3036,+1598863858181
3035,3037,+1289347269231
3036,3038,+9309096332071
3037,3039,+5734611144112
3038,3040,+2337302028720
3039,3041,+1487072954692
3040,3042,+7900713963371
3041,3043,+8415903732010
3042,3044,+8163574392726
3043,3045,+5097981835552
3044,3046,+9758845621651
3045,3047,+1035117246831
3046,3048,+1552991508134
3047,3049,+7746155994513
3048,3050,+4849989723678
3049,3051,+2836329177290
3050,3052,+1712674700440
3051,3053,+6147372357247
3052,3054,+7569951729964
3053,3055,+8313128567718
3054,3056,+1329089601763
3055,3057,+8503559678423
3056,3058,+8772640898076
3057,3059,+9661993769487
3058,3060,+4737988899788
3059,3061,+4302603215158
3060,3062,+8689503384797
3061,3063,+2191318192156
3062,3064,+9138615964239
3063,3065,+2303087533914
3064,3066,+7051692664182
3065,3067,+4553756343910
3066,3068,+4357484761289
3067,3069,+9904513424071
3068,3070,+4045156622884
3069,3071,+8209218295275
3070,3072,+1509255561323
3071,3073,+4267395268041
3072,3074,+3958836406269
3073,3075,+7409043017171
3074,3076,+8561539705696
3075,3077,+7739168672672
3076,3078,+7396511776963
3077,3079,+9285626195104
3078,3080,+3852548913299
3079,3081,+4143847072051
3080,3082,+4330352540560
3081,3083,+4745768058555
3082,3084,+6924697914835
3083,3085,+6114794021826
3084,3086,+2646051457454
3085,3087,+9068747871972
3086,3088,+6501289269355
3087,3089,+9550852697710
3088,3090,+4454496421620
3089,3091,+1845802961031
3090,3092,+1199479496131
3091,3093,+3157166246625
3092,3094,+3886547241531
3093,3095,+9868152447557
3094,3096,+2835569710116
3095,3097,+1675792678453
3096,3098,+5527156152146
3097,3099,+3046943231143
3098,3100,+5170428982396
3099,3101,+9596517333206
3100,3102,+2135953978703
3101,3103,+3986809611743
3102,3104,+4505242180009
3103,3105,+9517070201648
3104,3106,+6231802383366
3105,3107,+6711024561805
3106,3108,+3241333141736
3107,3109,+6250104666324
3108,3110,+8427128277220
3109,3111,+4815182164835
3110,3112,+6416218989615
3111,3113,+6776312391387
3112,3114,+9054999788864
3113,3115,+5280776233308
3114,3116,+6552328226636
3115,3117,+2788747978709
3116,3118,+4353903569780
3117,3119,+1525353917618
3118,3120,+1430477496306
3119,3121,+4666175496884
3120,3122,+3132943507242
3121,3123,+5323282279323
3122,3124,+6337076870454
3123,3125,+4665944356660
3124,3126,+7454673394121
3125,3127,+1212654072851
3126,3128,+2753264064209
3127,3129,+5853298281387
3128,3130,+8223987591728
3129,3131,+4708079034554
3130,3132,+1727998905415
3131,3133,+6578110306721
3132,3134,+4754077500411
3133,3135,+8021712530129
3134,3136,+4492795880520
3135,3137,+6002701454573
3136,3138,+9024129225824
3137,3139,+8206340655633
3138,3140,+9980333513954
3139,3141,+4448806080379
3140,3142,+7197203187566
3141,3143,+4120506958438
3142,3144,+2759510652430
3143,3145,+6797109701813
3144,3146,+8464291775304
3145,3147,+8125898772173
3146,3148,+2520741420001
3147,3149,+7071716104450
3148,3150,+4996467869788
3149,3151,+9120703903550
3150,3152,+3364188651038
3151,3153,+1845684080624
3152,3154,+7482384160973
3153,3155,+3006692391667
3154,3156,+5456279893286
3155,3157,+2519484243810
3156,3158,+6416284553276
3157,3159,+9292564149008
3158,3160,+8854127263461
3159,3161,+1503059997832
3160,3162,+3522576260942
3161,3163,+3322604285391
3162,3164,+9881089100705
3163,3165,+6092804769740
3164,3166,+1218081096402
3165,3167,+2445425130848
3166,3168,+9340532729140
3167,3169,+3453755826904
3168,3170,+1503446876283
3169,3171,+8721211852244
3170,3172,+9032374138177
3171,3173,+6980027002621
3172,3174,+6059066628343
3173,3175,+1351836137917
3174,3176,+3596842578277
3175,3177,+6552270321905
3176,3178,+6688695014216
3177,3179,+7587958913621
3178,3180,+2505682877780
3179,3181,+3980982884896
3180,3182,+1588050179237
3181,3183,+5697750985294
3182,3184,+8122358880151
3183,3185,+8387418542047
3184,3186,+5030216927382
3185,3187,+6494284621530
3186,3188,+4652341560519
3187,3189,+9286187348464
3188,3190,+4705416184262
3189,3191,+4761664481117
3190,3192,+6026466790639
3191,3193,+9484897949834
3192,3194,+6159861414820
3193,3195,+2758450788727
3194,3196,+7851845513798
3195,3197,+1827780307416
3196,3198,+8001054756735
3197,3199,+6136555406543
3198,3200,+6035820488215
3199,3201,+4919050261609
3200,3202,+1146160457807
3201,3203,+3449670330550
3202,3204,+5636256471203
3203,3205,+7168942804581
3204,3206,+3039641089387
3205,3207,+9381073395277
3206,3208,+3965984489180
3207,3209,+4971795532201
3208,3210,+4089146321623
3209,3211,+3915651667418
3210,3212,+6378612186220
3211,3213,+2161308886359
3212,3214,+6851537935234
3213,3215,+4297095923617
3214,3216,+7243485728374
3215,3217,+7600061717838
3216,3218,+4919539570848
3217,3219,+1709210306629
3218,3220,+8091778874473
3219,3221,+7116449887427
3220,3222,+3211385849176
3221,3223,+2600257779905
3222,3224,+5439591278347
3223,3225,+4265404142650
3224,3226,+9154824881492
3225,3227,+6353434294242
3226,3228,+9736649618320
3227,3229,+4924989830605
3228,3230,+3139019658939
3229,3231,+5217021086715
3230,3232,+2315515868288
3231,3233,+2562603364328
3232,3234,+9652356836231
3233,3235,+1341140292476
3234,3236,+3138702531831
3235,3237,+7743350994405
3236,3238,+3633136763262
3237,3239,+4906705513168
3238,3240,+2165169588607
3239,3241,+6384452851178
3240,3242,+6244809879315
3241,3243,+9007252711673
3242,3244,+4991361239789
3243,3245,+8614291733022
3244,3246,+5332051887676
3245,3247,+3666590647314
3246,3248,+1777720196751
3247,3249,+8763049295433
3248,3250,+4230292761613
3249,3251,+7810676349126
3250,3252,+1965829725289
3251,3253,+3335187705208
3252,3254,+9267722906277
3253,3255,+1392070199775
3254,3256,+5138691447500
3255,3257,+6638891235064
3256,3258,+8862996570113
3257,3259,+7977158255015
3258,3260,+4791800496871
3259,3261,+7071148788089
3260,3262,+5133205424072
3261,3263,+1085579078184
3262,3264,+6172597334330
3263,3265,+8610249508784
3264,3266,+4132230966530
3265,3267,+5010189542129
3266,3268,+3215953233350
3267,3269,+4505801223626
3268,3270,+1510597936069
3269,3271,+2299174986105
3270,3272,+6011009237811
3271,3273,+7228070756473
3272,3274,+8335958165397
3273,3275,+7037855881442
3274,3276,+7972270052643
3275,3277,+5754844169266
3276,3278,+7087068753682
3277,3279,+4737304051932
3278,3280,+8725303060205
3279,3281,+2032941658930
3280,3282,+9667749611719
3281,3283,+7100703496906
3282,3284,+5495926378047
3283,3285,+6237137219321
3284,3286,+4236272779435
3285,3287,+2802417995773
3286,3288,+6836773978901
3287,3289,+9837746099429
3288,3290,+4704426026227
3289,3291,+5235388917531
3290,3292,+8891474639471
3291,3293,+2471613863361
3292,3294,+8610017613931
3293,3295,+9726370725378
3294,3296,+8956919837632
3295,3297,+9392141856704
3296,3298,+9849545702614
3297,3299,+6160282867540
3298,3300,+8359424063874
3299,3301,+6237848930504
3300,3302,+5107073858217
3301,3303,+4635319439542
3302,3304,+2646985620991
3303,3305,+5469589736832
3304,3306,+8434500870847
3305,3307,+8406472844119
3306,3308,+1889079047652
3307,3309,+2798288432087
3308,3310,+6081396495943
3309,3311,+8037886451168
3310,3312,+6749752582972
3311,3313,+8807143641444
3312,3314,+2125571921253
3313,3315,+6118656590518
3314,3316,+7111498963885
3315,3317,+8273566680860
3316,3318,+3850108043278
3317,3319,+7606547203509
3318,3320,+3191573781985
3319,3321,+9722657553334
3320,3322,+2670456391717
3321,3323,+8690382980978
3322,3324,+1010155810205
3323,3325,+3894625283359
3324,3326,+1896502017378
3325,3327,+7975551533399
3326,3328,+7165930452330
3327,3329,+8519362084624
3328,3330,+9478929653223
3329,3331,+7144535949071
3330,3332,+3459805474374
3331,3333,+2637187535283
3332,3334,+3208652588331
3333,3335,+9129907209900
3334,3336,+3415607112232
3335,3337,+9603237773928
3336,3338,+9027127846914
3337,3339,+1014437056042
3338,3340,+6357308859325
3339,3341,+7693848984063
3340,3342,+8925428265884
3341,3343,+5830096011124
3342,3344,+4308913778828
3343,3345,+1338913350701
3344,3346,+2299299818745
3345,3347,+6167622565704
3346,3348,+4760779733219
3347,3349,+9851576671787
3348,3350,+8967759308853
3349,3351,+7494988530276
3350,3352,+1064330850813
3351,3353,+4572569452089
3352,3354,+4772754109461
3353,3355,+7631619144409
3354,3356,+2094958085569
3355,3357,+7120697296019
3356,3358,+1151644836399
3357,3359,+2852062602216
3358,3360,+7236222032026
3359,3361,+9282352864878
3360,3362,+3635179859396
3361,3363,+6983104210967
3362,3364,+4870290223377
3363,3365,+6166517505712
3364,3366,+5061597018302
3365,3367,+1345125539932
3366,3368,+3165662592715
3367,3369,+6671415059382
3368,3370,+6789968936711
3369,3371,+8955136808635
3370,3372,+8788547792919
3371,3373,+1074873466213
3372,3374,+9014829375982
3373,3375,+5302589027635
3374,3376,+5416976477304
3375,3378,+2191317638854
3376,3379,+6746252736907
3377,3380,+2853303902402
3378,3381,+1840296705769
3379,3382,+2846644835551
3380,3383,+9521397323720
3381,3384,+4251163441417
3382,3385,+1480618927394
3383,3386,+5427296262549
3384,3387,+2229419826197
3385,3388,+7005605483418
3386,3389,+2342698374007
3387,3390,+6938290507772
3388,3391,+1915979783469
3389,3392,+7329470734165
3390,3393,+8305410361773
3391,3394,+7706291634448
3392,3395,+3761950317291
3393,3396,+1975663869917
3394,3397,+4669485238520
3395,3398,+2071885315820
3396,3399,+6446947986402
3397,3400,+9747507398279
3398,3401,+8485758562579
3399,3402,+5541761370430
3400,3403,+2425549255535
3401,3404,+7553182363240
3402,3405,+4587605542955
3403,3406,+7186476755788
3404,3407,+6819065574094
3405,3408,+7643071441559
3406,3409,+9102605394677
3407,3410,+8606328759981
3408,3411,+3791793016174
3409,3412,+6124770683163
3410,3413,+6219100035397
3411,3414,+8171004552059
3412,3415,+4472033076106
3413,3416,+5492035828908
3414,3417,+6841858551563
3415,3418,+3987212764990
3416,3419,+9623426000469
3417,3420,+2431256336355
3418,3421,+1447013344623
3419,3422,+9367344877368
3420,3423,+7784507422118
3421,3424,+1495480063013
3422,3425,+7674382401067
3423,3426,+3505471084262
3424,3427,+1265976781736
3425,3428,+7065776671057
3426,3429,+5625287171302
3427,3430,+4591018035880
3428,3431,+8571791990264
3429,3432,+5707362779235
3430,3433,+8710331018715
3431,3434,+2949944204123
3432,3435,+4995732369646
3433,3436,+3963426465860
3434,3437,+3461571680341
3435,3438,+4348131579140
3436,3439,+8263839096461
3437,3440,+7217385124396
3438,3441,+1338514843543
3439,3442,+3783504985772
3440,3443,+9522389042547
3441,3444,+6184554554745
3442,3445,+3538429551439
3443,3446,+5911646837484
3444,3447,+7771663442390
3445,3448,+7405830221791
3446,3449,+8993796232170
3447,3450,+6850970434467
3448,3451,+4217004748563
3449,3452,+3763187104174
3450,3453,+3656572909226
3451,3454,+7062524295121
3452,3455,+9915764830135
3453,3456,+7614895992804
3454,3457,+5635798735807
3455,3458,+5207416744222
3456,3459,+6991677640421
3457,3460,+8756754181814
3458,3461,+5045999260922
3459,3462,+1216970008086
3460,3463,+4085213258016
3461,3464,+7093384885223
3462,3465,+9954261057495
3463,3466,+1248693101331
3464,3467,+7460525662700
3465,3468,+6960185208892
3466,3469,+1541179997430
3467,3470,+6868826302404
3468,3471,+6755099925840
3469,3472,+5770616300707
3470,3473,+7899648030023
3471,3474,+6103414857774
3472,3475,+3678469954602
3473,3476,+9478237198527
3474,3477,+8142955047566
3475,3478,+5165442492389
3476,3479,+8006610623979
3477,3480,+4409069988378
3478,3481,+5829562915894
3479,3482,+9879382884999
3480,3483,+6163675101520
3481,3484,+5118778762615
3482,3485,+5289593092186
3483,3486,+5801530352398
3484,3487,+6656102310387
3485,3488,+5348743161559
3486,3489,+7410119547198
3487,3490,+6043943237353
3488,3491,+1519426894462
3489,3492,+4364741704819
3490,3493,+6312276281732
3491,3494,+7597233026571
3492,3495,+7799280566993
3493,3496,+8289971072730
3494,3497,+5515407748774
3495,3498,+7048210277073
3496,3499,+6597057668517
3497,3500,+6223354283488
3498,3501,+6044299798537
3499,3502,+2833019606446
3500,3503,+1710012055434
3501,3504,+2450712869464
3502,3505,+2176336143597
3503,3506,+6447529882243
3504,3507,+4145491244551
3505,3508,+2577587491114
3506,3509,+5749390141465
3507,3510,+8176010497691
3508,3511,+7728222028864
3509,3512,+5619847727670
3510,3513,+9262769125000
3511,3514,+5052377046923
3512,3515,+5248359555010
3513,3516,+2397418310384
3514,3517,+6074664325856
3515,3518,+9538259357085
3516,3519,+6842723681649
3517,3520,+9912147217534
3518,3521,+1029131665279
3519,3522,+7793383596503
3520,3523,+4838934526503
3521,3524,+3172720670373
3522,3525,+8355324883760
3523,3526,+9717755977740
3524,3527,+1054896930947
3525,3528,+6740789754202
3526,3529,+9347205710413
3527,3530,+9766587566102
3528,3531,+1958132399457
3529,3532,+6216203801231
3530,3533,+7252138961636
3531,3534,+9655346775314
3532,3535,+9266709895872
3533,3536,+7615802750878
3534,3537,+8028695970677
3535,3538,+8474487342999
3536,3539,+7014104429301
3537,3540,+3067107449543
3538,3541,+7308955105525
3539,3542,+6741132752578
3540,3543,+4700773635497
3541,3544,+2823542874230
3542,3545,+7250123253268
3543,3546,+8139980676209
3544,3547,+3276100847493
3545,3548,+1984122949924
3546,3549,+3188582230747
3547,3550,+9510840768767
3548,3551,+4714391587751
3549,3552,+3146209082731
3550,3553,+2632625683220
3551,3554,+6427646481419
3552,3555,+4397550788711
3553,3556,+2038019227580
3554,3557,+8019475900302
3555,3558,+5948740410812
3556,3559,+2922079266331
3557,3560,+7396429606725
3558,3561,+3300501584331
3559,3562,+4604037683141
3560,3563,+6196186655837
3561,3564,+2707798469633
3562,3565,+3170031458444
3563,3566,+5220328095546
3564,3567,+6836852917672
3565,3568,+5073486314704
3566,3569,+1505738763222
3567,3570,+3805869306425
3568,3571,+5618687443082
3569,3572,+5396123595912
3570,3573,+2199607519749
3571,3574,+4881192542562
3572,3576,+1131927615503
3573,3577,+1311970846969
3574,3578,+1288240648559
3575,3579,+5777341359200
3576,3580,+8139002078622
3577,3581,+7028842850135
3578,3582,+1941302248258
3579,3583,+2204207601935
3580,3584,+7632835799370
3581,3585,+3212207074222
3582,3586,+8214410137091
3583,3587,+4650295011651
3584,3588,+7245858407562
3585,3589,+7187603758683
3586,3590,+6194208544130
3587,3591,+5942379844363
3588,3592,+9541486287291
3589,3593,+4359054744178
3590,3594,+8129840315760
3591,3595,+9473443232381
3592,3596,+8780288973781
3593,3597,+1995145815405
3594,3598,+3659789494881
3595,3599,+5485275757247
3596,3600,+6101112072119
3597,3601,+8960604465768
3598,3602,+3539578304404
3599,3603,+7962635152363
3600,3604,+2302751086389
3601,3605,+7057933372401
3602,3606,+4091559127875
3603,3607,+4460057899488
3604,3608,+4524274971661
3605,3609,+4044801318173
3606,3610,+1104822354527
3607,3611,+6928789944438
3608,3612,+1807712357009
3609,3613,+5281267226094
3610,3614,+1139875559455
3611,3615,+7438018815333
3612,3616,+5579947787365
3613,3617,+9980847859950
3614,3618,+8372261331645
3615,3619,+7924052246700
3616,3620,+6943485775498
3617,3621,+8218726926502
3618,3622,+3927518409715
3619,3623,+4532627943107
3620,3624,+5031896205050
3621,3625,+2534466617985
3622,3626,+2218214280392
3623,3627,+3244199640027
3624,3628,+2654721989094
3625,3629,+4208273509716
3626,3630,+5738307220070
3627,3631,+8869963472958
3628,3632,+8173670353851
3629,3633,+1935183238623
3630,3634,+1250342963594
3631,3635,+2727781398316
3632,3636,+6339111364550
3633,3637,+8065299699274
3634,3638,+1127938948168
3635,3639,+8598317300018
3636,3640,+3858431635238
3637,3641,+7692210858461
3638,3642,+1379482357355
3639,3643,+6291852764807
3640,3644,+8723913520802
3641,3645,+3161374901472
3642,3646,+2217445249488
3643,3647,+4164818442207
3644,3648,+1179253770281
3645,3649,+4759936432621
3646,3650,+8705485341144
3647,3651,+4330841438858
3648,3652,+2206294941931
3649,3653,+7538855890788
3650,3654,+9158485870375
3651,3655,+3199909544461
3652,3656,+6992797802141
3653,3657,+2193297457464
3654,3658,+3715309266973
3655,3659,+2956198820018
3656,3660,+5688444784987
3657,3661,+9973122244530
3658,3662,+6934099573807
3659,3663,+9206285470812
3660,3664,+1154477226391
3661,3665,+4866881045122
3662,3666,+5185466472234
3663,3667,+6866254085784
3664,3668,+9010824750356
3665,3669,+3830662690869
3666,3670,+5967819440094
3667,3671,+9366934552404
3668,3672,+1335260483720
3669,3673,+6976691942879
3670,3674,+5153669780507
3671,3675,+8834415838815
3672,3676,+6005384414965
3673,3677,+1827710454796
3674,3678,+2784854080563
3675,3679,+3156499213134
3676,3680,+3522721866873
3677,3681,+4144712506877
3678,3682,+7934360637054
3679,3683,+3279368981842
3680,3684,+9266281326522
3681,3685,+1950213573611
3682,3686,+5384965682636
3683,3687,+6209831778739
3684,3688,+3512141128234
3685,3689,+5284139230302
3686,3690,+1378162054050
3687,3691,+7398549961217
3688,3692,+4772113642429
3689,3693,+2028677388635
3690,3694,+5351455038949
3691,3695,+9054251554205
3692,3696,+5512046928868
3693,3697,+1275825108022
3694,3698,+3549584851069
3695,3699,+9653016117327
3696,3700,+6591869133252
3697,3701,+4174163932858
3698,3702,+2581460834834
3699,3703,+8458400248506
3700,3704,+5695614369210
3701,3705,+5366036754552
3702,3706,+8516408861680
3703,3707,+8201014686774
3704,3708,+2979694589943
3705,3709,+4489413369843
3706,3710,+7819510852870
3707,3711,+4212980767586
3708,3712,+2558738251127
3709,3713,+6252833211786
3710,3714,+3527444533968
3711,3715,+3200558567718
3712,3716,+6038386083333
3713,3717,+7095294053218
3714,3718,+2442624270912
3715,3719,+6798876959047
3716,3720,+6154269544098
3717,3721,+3684927813956
3718,3722,+1833938801587
3719,3723,+2416994806794
3720,3724,+8120703160527
3721,3725,+1810850801780
3722,3726,+4647160661450
3723,3727,+9462088917213
3724,3728,+4853096200667
3725,3729,+7728887390315
3726,3730,+4495317201263
3727,3731,+2722627504347
3728,3732,+8035984730842
3729,3733,+7139168170172
3730,3734,+8024808442658
3731,3735,+5759755415030
3732,3736,+3080689339304
3733,3737,+2348173322241
3734,3738,+4690467127237
3735,3739,+4661187484142
3736,3740,+4081682181590
3737,3741,+4011363169018
3738,3742,+9613674226845
3739,3743,+1911006992490
3740,3744,+9891220471886
3741,3745,+7414853590920
3742,3746,+4191811776334
3743,3747,+3160145063413
3744,3748,+3101718580363
3745,3749,+9120233487872
3746,3750,+5125051447209
3747,3751,+3507869460802
3748,3752,+5089468106347
3749,3753,+8016882902211
3750,3754,+7603620765099
3751,3755,+7095032361015
3752,3756,+1538076882605
3753,3757,+8132993430869
3754,3758,+4460880488402
3755,3759,+2978050597522
3756,3760,+8465996189783
3757,3761,+1311839651590
3758,3762,+9028133094004
3759,3763,+8635233411595
3760,3764,+8001423378729
3761,3765,+4302375623944
3762,3766,+2503806743291
3763,3767,+2431235765035
3764,3768,+8729055762825
3765,3769,+6613438266914
3766,3770,+2982420858383
3767,3771,+7636534800218
3768,3772,+1837407445056
3769,3773,+4133728001986
3770,3774,+8944965030903
3771,3775,+1357855417635
3772,3776,+8422943992187
3773,3777,+8716139671082
3774,3778,+4417953728903
3775,3779,+5360400263078
3776,3780,+8816533042101
3777,3781,+6993717634174
3778,3782,+8138531169211
3779,3783,+2986285076622
3780,3784,+5592866377821
3781,3785,+8632048382008
3782,3786,+7327514449056
3783,3787,+3712830900762
3784,3788,+1935706066224
3785,3789,+1063490429056
3786,3790,+8883406338092
3787,3791,+6747941379100
3788,3792,+9315970443690
3789,3793,+9364438438696
3790,3794,+4208713474806
3791,3795,+4768696629025
3792,3796,+1666018184990
3793,3797,+8987083228514
3794,3798,+9223837279376
3795,3799,+7993988055522
3796,3800,+3565975026189
3797,3801,+7821747062352
3798,3802,+6694211865326
3799,3803,+9384525037017
3800,3804,+4181526031254
3801,3805,+4640603709355
3802,3806,+2307225882970
3803,3807,+6277800519371
3804,3808,+9752655534150
3805,3809,+1213103122177
3806,3810,+8157293902743
3807,3811,+7070046300458
3808,3812,+2361224202298
3809,3813,+3981278889751
3810,3814,+3949035901702
3811,3815,+3642604735220
3812,3816,+8361046356510
3813,3817,+4916724542757
3814,3818,+5733826105904
3815,3819,+7952577487886
3816,3820,+8258063990565
3817,3821,+9530376643454
3818,3822,+1808374454020
3819,3823,+4272446781425
3820,3824,+2992496513796
3821,3825,+7107922328397
3822,3826,+5372071966041
3823,3827,+1248922598047
3824,3828,+8241244467808
3825,3829,+7674598398295
3826,3830,+9938322011385
3827,3831,+5389223374328
3828,3832,+1057522375147
3829,3833,+1254892797151
3830,3834,+6421816556641
3831,3835,+3120048012351
3832,3836,+1779105012314
3833,3837,+3167793740704
3834,3838,+9707446369575
3835,3839,+5239535713888
3836,3840,+4135088510384
3837,3841,+3737576124942
3838,3842,+2329979554050
3839,3843,+5130165750650
3840,3844,+4045819275134
3841,3845,+1547176083220
3842,3846,+3346675644709
3843,3847,+3482452724765
3844,3848,+5643592096924
3845,3849,+5739655840105
3846,3850,+7451020443245
3847,3851,+4541123004477
3848,3852,+8156463924979
3849,3853,+6948058893452
3850,3854,+8917382121622
3851,3855,+2853561518394
3852,3856,+6348136211059
3853,3857,+6771620684821
3854,3858,+4439677992221
3855,3859,+1181877019533
3856,3860,+6417427139632
3857,3861,+2902414081975
3858,3862,+9975418924217
3859,3863,+4702166332889
3860,3864,+4818074969025
3861,3865,+4278361247715
3862,3866,+9905454297954
3863,3867,+6087064755500
3864,3868,+6187804331467
3865,3869,+1593333133625
3866,3870,+3092661751001
3867,3871,+2831182427994
3868,3872,+7641264016435
3869,3873,+9851448898401
3870,3874,+4690026047662
3871,3875,+5570537505131
3872,3876,+7822896187729
3873,3877,+9476436428652
3874,3878,+5657905187138
3875,3879,+4434992376032
3876,3880,+1708370059252
3877,3881,+1910020036186
3878,3882,+9728230329282
3879,3883,+2424105936540
3880,3884,+7313644968655
3881,3885,+7755831044063
3882,3886,+5281907803078
3883,3887,+4972981473728
3884,3888,+8970852805622
3885,3889,+4311295354286
3886,3890,+7314415884704
3887,3891,+3367972658349
3888,3892,+3028177593848
3889,3893,+9279067251969
3890,3894,+8326142421079
3891,3895,+2909246280391
3892,3896,+1822663614127
3893,3897,+3869455577819
3894,3898,+4532783872585
3895,3899,+3206343219568
3896,3900,+3332311442616
3897,3901,+3977540703720
3898,3902,+4071710914760
3899,3903,+8414592699229
3900,3904,+6858128471198
3901,3905,+4343616394737
3902,3906,+9462509797725
3903,3907,+1766573738391
3904,3908,+6908508304748
3905,3909,+2856889720423
3906,3910,+2962130206911
3907,3911,+4721026047846
3908,3912,+8346889291712
3909,3913,+4135613885792
3910,3914,+2841222797863
3911,3915,+3115835178629
3912,3916,+8707732765045
3913,3917,+8157229238058
3914,3918,+9646004584882
3915,3919,+7586525875831
3916,3920,+7971713483160
3917,3921,+5130662976088
3918,3922,+8093663806111
3919,3923,+2541409059750
3920,3924,+3542452989680
3921,3925,+9658665877297
3922,3926,+9629758490173
3923,3927,+5966010270078
3924,3928,+4522781430698
3925,3929,+2233165063853
3926,3930,+3696903511839
3927,3931,+5976286852991
3928,3932,+4033849422633
3929,3933,+6454054870412
3930,3934,+9309911770265
3931,3935,+9792610943202
3932,3936,+5632088419810
3933,3937,+8457444111885
3934,3938,+5072222270032
3935,3939,+4666481047824
3936,3940,+8754046799059
3937,3941,+5516875152049
3938,3942,+1912898761264
3939,3943,+6365741791337
3940,3944,+6846782753848
3941,3945,+2561255861715
3942,3946,+6222748652015
3943,3947,+1201333873010
3944,3948,+3359887745789
3945,3949,+6574426523928
3946,3950,+5962097089792
3947,3951,+7360921577010
3948,3952,+1263834440865
3949,3953,+7627110287743
3950,3954,+9062381913067
3951,3955,+2494367989534
3952,3956,+6354510986556
3953,3957,+1016814877237
3954,3958,+5443953673342
3955,3959,+7032825489696
3956,3960,+2709635820997
3957,3961,+9573839983474
3958,3962,+7047841294485
3959,3963,+6838892687330
3960,3964,+3492243251666
3961,3965,+2498325821119
3962,3966,+2874535709103
3963,3967,+9353093905121
3964,3968,+4122180420070
3965,3969,+3004318406344
3966,3970,+2840996820145
3967,3971,+2673560927822
3968,3972,+4721910147711
3969,3973,+9799522822461
3970,3974,+6946224145336
3971,3975,+9533610321431
